splitting_index,Edge,Edge_Diff,N1_X,N1_Y,N2_X,N2_Y,Load_G1,Load_G2
0,"(0, 163)",1.549999999999983,1059219.8151085,1823341.963549,1059225.0461085,1823341.3495490002,39.12000000000002,40.67
1,"(163, 43)",1.549999999999983,1059225.0461085,1823341.3495490002,1059227.7671085,1823341.030549,39.12000000000002,40.67
2,"(1, 0)",2.3699999999999903,1059183.6521085,1823346.206549,1059219.8151085,1823341.963549,38.710000000000015,41.080000000000005
3,"(1, 2)",3.6299999999999955,1059183.6521085,1823346.206549,1059180.5211085,1823346.595549,41.71000000000001,38.08000000000001
4,"(2, 119)",4.789999999999992,1059180.5211085,1823346.595549,1059136.3711085,1823352.080549,42.290000000000006,37.500000000000014
5,"(119, 118)",7.109999999999999,1059136.3711085,1823352.080549,1059132.7641085,1823352.5415490002,43.45000000000001,36.34000000000001
6,"(118, 167)",7.109999999999999,1059132.7641085,1823352.5415490002,1059131.3641085,1823352.726549,43.45000000000001,36.34000000000001
7,"(167, 168)",7.109999999999999,1059131.3641085,1823352.726549,1059128.4891085,1823353.087549,43.45000000000001,36.34000000000001
8,"(168, 30)",9.310000000000002,1059128.4891085,1823353.087549,1059104.0931085,1823356.1705490001,44.55000000000001,35.24000000000001
9,"(30, 294)",34.05000000000001,1059104.0931085,1823356.1705490001,1059100.4531085,1823356.630549,56.920000000000016,22.870000000000008
10,"(294, 283)",34.05000000000001,1059100.4531085,1823356.630549,1059095.4271085,1823357.256549,56.920000000000016,22.870000000000008
11,"(283, 134)",34.05000000000001,1059095.4271085,1823357.256549,1059086.1941085,1823358.313549,56.920000000000016,22.870000000000008
12,"(134, 135)",35.19000000000001,1059086.1941085,1823358.313549,1059030.4581085,1823364.691549,57.490000000000016,22.300000000000004
13,"(135, 136)",35.890000000000015,1059030.4581085,1823364.691549,1059026.2591085,1823365.186549,57.84000000000002,21.950000000000003
14,"(136, 361)",37.27000000000001,1059026.2591085,1823365.186549,1058986.6591085,1823369.8565490001,58.530000000000015,21.26
15,"(361, 267)",37.27000000000001,1058986.6591085,1823369.8565490001,1058984.5231085,1823370.134549,58.530000000000015,21.26
16,"(43, 44)",37.31,1059227.7671085,1823341.030549,1059226.5941085,1823331.103549,58.55000000000001,21.240000000000006
17,"(44, 301)",38.29000000000002,1059226.5941085,1823331.103549,1059225.6821085,1823323.3835490001,59.04000000000002,20.750000000000004
18,"(301, 29)",38.29000000000002,1059225.6821085,1823323.3835490001,1059225.9721085,1823320.520549,59.04000000000002,20.750000000000004
19,"(267, 266)",38.31000000000002,1058984.5231085,1823370.134549,1058944.7121085,1823375.310549,59.05000000000002,20.740000000000002
20,"(29, 28)",38.91000000000001,1059225.9721085,1823320.520549,1059231.6541085,1823285.0485490002,59.350000000000016,20.440000000000005
21,"(28, 364)",38.99000000000001,1059231.6541085,1823285.0485490002,1059231.9131085,1823283.4335490002,59.390000000000015,20.400000000000006
22,"(364, 146)",38.99000000000001,1059231.9131085,1823283.4335490002,1059239.0461085,1823243.039549,59.390000000000015,20.400000000000006
23,"(146, 152)",39.91000000000001,1059239.0461085,1823243.039549,1059239.8311085,1823238.598549,59.850000000000016,19.940000000000005
24,"(152, 151)",39.91000000000001,1059239.8311085,1823238.598549,1059240.1251085,1823236.934549,59.850000000000016,19.940000000000005
25,"(151, 129)",40.19000000000001,1059240.1251085,1823236.934549,1059245.6591085,1823205.6135490001,59.990000000000016,19.800000000000004
26,"(266, 265)",40.75000000000003,1058944.7121085,1823375.310549,1058940.3231085,1823375.8635490001,60.270000000000024,19.52
27,"(265, 137)",40.75000000000003,1058940.3231085,1823375.8635490001,1058937.0751085,1823376.343549,60.270000000000024,19.52
28,"(43, 200)",40.93000000000002,1059227.7671085,1823341.030549,1059282.2031085,1823334.657549,60.36000000000002,19.43
29,"(200, 199)",40.93000000000002,1059282.2031085,1823334.657549,1059324.2881085,1823329.898549,60.36000000000002,19.43
30,"(199, 198)",40.93000000000002,1059324.2881085,1823329.898549,1059332.2421085,1823328.999549,60.36000000000002,19.43
31,"(129, 128)",43.29000000000002,1059245.6591085,1823205.6135490001,1059246.7851085,1823199.211549,61.54000000000002,18.250000000000004
32,"(128, 127)",43.29000000000002,1059246.7851085,1823199.211549,1059247.2101085,1823196.7925490001,61.54000000000002,18.250000000000004
33,"(127, 359)",43.81000000000002,1059247.2101085,1823196.7925490001,1059252.0711085,1823169.149549,61.80000000000002,17.990000000000002
34,"(359, 384)",45.15000000000002,1059252.0711085,1823169.149549,1059252.3611085,1823167.499549,62.47000000000002,17.32
35,"(384, 383)",45.15000000000002,1059252.3611085,1823167.499549,1059258.5401085,1823134.1335490001,62.47000000000002,17.32
36,"(383, 382)",45.15000000000002,1059258.5401085,1823134.1335490001,1059258.9271085,1823132.043549,62.47000000000002,17.32
37,"(382, 185)",45.15000000000002,1059258.9271085,1823132.043549,1059265.0471085,1823100.0185490001,62.47000000000002,17.32
38,"(198, 75)",46.85000000000002,1059332.2421085,1823328.999549,1059329.3401085,1823306.9305490002,63.32000000000002,16.47
39,"(185, 184)",48.27000000000003,1059265.0471085,1823100.0185490001,1059265.3561085,1823098.402549,64.03000000000003,15.759999999999998
40,"(184, 183)",48.27000000000003,1059265.3561085,1823098.402549,1059272.8061085,1823070.685549,64.03000000000003,15.759999999999998
41,"(183, 73)",48.27000000000003,1059272.8061085,1823070.685549,1059274.3361085,1823064.993549,64.03000000000003,15.759999999999998
42,"(137, 38)",52.23000000000002,1058937.0751085,1823376.343549,1058895.6021085,1823382.030549,66.01000000000002,13.780000000000001
43,"(38, 39)",54.33000000000001,1058895.6021085,1823382.030549,1058886.6231085,1823383.2615490002,67.06000000000002,12.73
44,"(39, 40)",54.33000000000001,1058886.6231085,1823383.2615490002,1058883.2661085,1823383.925549,67.06000000000002,12.73
45,"(73, 333)",54.870000000000026,1059274.3361085,1823064.993549,1059276.0771085,1823061.5115490002,67.33000000000003,12.459999999999999
46,"(333, 332)",54.870000000000026,1059276.0771085,1823061.5115490002,1059277.3621085,1823058.871549,67.33000000000003,12.459999999999999
47,"(40, 70)",55.33000000000001,1058883.2661085,1823383.925549,1058848.5201085,1823390.0825490002,67.56000000000002,12.23
48,"(332, 330)",55.71000000000003,1059277.3621085,1823058.871549,1059295.7121085,1823021.202549,67.75000000000003,12.04
49,"(330, 329)",56.370000000000026,1059295.7121085,1823021.202549,1059296.8211085,1823018.924549,68.08000000000003,11.709999999999999
50,"(75, 76)",57.630000000000024,1059329.3401085,1823306.9305490002,1059338.7581085,1823283.9005490001,68.71000000000002,11.08
51,"(76, 77)",57.630000000000024,1059338.7581085,1823283.9005490001,1059353.4741085,1823252.800549,68.71000000000002,11.08
52,"(70, 71)",57.83000000000001,1058848.5201085,1823390.0825490002,1058839.4801085,1823391.733549,68.81000000000002,10.98
53,"(71, 264)",57.83000000000001,1058839.4801085,1823391.733549,1058834.1051085,1823392.715549,68.81000000000002,10.98
54,"(264, 15)",57.97000000000003,1058834.1051085,1823392.715549,1058816.4211085,1823398.091549,68.88000000000002,10.91
55,"(77, 339)",58.690000000000026,1059353.4741085,1823252.800549,1059354.9021085,1823249.790549,69.24000000000002,10.55
56,"(339, 340)",58.690000000000026,1059354.9021085,1823249.790549,1059369.1141085,1823220.2925490001,69.24000000000002,10.55
57,"(340, 341)",59.890000000000015,1059369.1141085,1823220.2925490001,1059370.5731085,1823217.263549,69.84000000000002,9.950000000000001
58,"(341, 322)",60.090000000000025,1059370.5731085,1823217.263549,1059386.3251085,1823183.3185490002,69.94000000000003,9.85
59,"(322, 323)",60.090000000000025,1059386.3251085,1823183.3185490002,1059386.9171085,1823182.0425490001,69.94000000000003,9.85
60,"(323, 149)",60.090000000000025,1059386.9171085,1823182.0425490001,1059401.9671085,1823153.419549,69.94000000000003,9.85
61,"(15, 14)",60.430000000000014,1058816.4211085,1823398.091549,1058812.9351085,1823399.120549,70.11000000000001,9.68
62,"(149, 150)",60.77000000000002,1059401.9671085,1823153.419549,1059405.4741085,1823146.747549,70.28000000000002,9.51
63,"(14, 13)",60.83000000000001,1058812.9351085,1823399.120549,1058788.8831085,1823410.044549,70.31000000000002,9.48
64,"(13, 12)",60.83000000000001,1058788.8831085,1823410.044549,1058787.8151085,1823410.836549,70.31000000000002,9.48
65,"(12, 380)",60.930000000000014,1058787.8151085,1823410.836549,1058773.3681085,1823421.5525490001,70.36000000000001,9.43
66,"(380, 381)",60.930000000000014,1058773.3681085,1823421.5525490001,1058767.1831085,1823426.1405490001,70.36000000000001,9.43
67,"(381, 289)",60.930000000000014,1058767.1831085,1823426.1405490001,1058755.3311085,1823434.932549,70.36000000000001,9.43
68,"(289, 288)",61.05000000000002,1058755.3311085,1823434.932549,1058753.8241085,1823436.050549,70.42000000000002,9.37
69,"(288, 181)",61.05000000000002,1058753.8241085,1823436.050549,1058751.3611085,1823438.006549,70.42000000000002,9.37
70,"(150, 286)",61.21000000000003,1059405.4741085,1823146.747549,1059421.4921085,1823121.817549,70.50000000000003,9.29
71,"(329, 328)",61.23000000000002,1059296.8211085,1823018.924549,1059319.5731085,1822975.466549,70.51000000000002,9.28
72,"(286, 287)",61.610000000000014,1059421.4921085,1823121.817549,1059422.9351085,1823119.5725490001,70.70000000000002,9.09
73,"(287, 164)",61.610000000000014,1059422.9351085,1823119.5725490001,1059427.6941085,1823111.8495490002,70.70000000000002,9.09
74,"(181, 133)",61.93000000000003,1058751.3611085,1823438.006549,1058715.9731085,1823466.108549,70.86000000000003,8.929999999999998
75,"(328, 405)",62.15000000000003,1059319.5731085,1822975.466549,1059320.3691085,1822973.948549,70.97000000000003,8.82
76,"(405, 404)",62.33000000000001,1059320.3691085,1822973.948549,1059339.5331085,1822941.033549,71.06000000000002,8.73
77,"(404, 403)",62.33000000000001,1059339.5331085,1822941.033549,1059340.4181085,1822939.512549,71.06000000000002,8.73
78,"(403, 386)",62.33000000000001,1059340.4181085,1822939.512549,1059343.3051085,1822934.544549,71.06000000000002,8.73
79,"(30, 31)",62.430000000000014,1059104.0931085,1823356.1705490001,1059106.1011085,1823389.020549,71.11000000000001,8.68
80,"(133, 132)",62.97000000000003,1058715.9731085,1823466.108549,1058714.5681085,1823467.2245490002,71.38000000000002,8.409999999999998
81,"(132, 131)",62.97000000000003,1058714.5681085,1823467.2245490002,1058671.8491085,1823507.635549,71.38000000000002,8.409999999999998
82,"(131, 130)",62.97000000000003,1058671.8491085,1823507.635549,1058670.2431085,1823509.0045490002,71.38000000000002,8.409999999999998
83,"(31, 72)",63.07000000000002,1059106.1011085,1823389.020549,1059106.1501085,1823391.7075490002,71.43000000000002,8.36
84,"(164, 79)",63.57000000000002,1059427.6941085,1823111.8495490002,1059430.9111085,1823106.6295490002,71.68000000000002,8.11
85,"(72, 3)",63.65000000000003,1059106.1501085,1823391.7075490002,1059106.5891085,1823415.836549,71.72000000000003,8.069999999999999
86,"(79, 80)",63.870000000000026,1059430.9111085,1823106.6295490002,1059432.6621085,1823103.787549,71.83000000000003,7.96
87,"(80, 81)",63.870000000000026,1059432.6621085,1823103.787549,1059452.7631085,1823076.6565490002,71.83000000000003,7.96
88,"(3, 4)",64.03000000000003,1059106.5891085,1823415.836549,1059106.6221085,1823417.6945490001,71.91000000000003,7.879999999999999
89,"(4, 5)",64.03000000000003,1059106.6221085,1823417.6945490001,1059107.2301085,1823426.199549,71.91000000000003,7.879999999999999
90,"(130, 271)",64.13000000000002,1058670.2431085,1823509.0045490002,1058634.8041085,1823539.232549,71.96000000000002,7.829999999999999
91,"(271, 270)",64.13000000000002,1058634.8041085,1823539.232549,1058633.1241085,1823540.6665490002,71.96000000000002,7.829999999999999
92,"(270, 193)",64.63000000000002,1058633.1241085,1823540.6665490002,1058608.5361085,1823561.6395490002,72.21000000000002,7.579999999999999
93,"(193, 192)",64.63000000000002,1058608.5361085,1823561.6395490002,1058606.3321085,1823563.519549,72.21000000000002,7.579999999999999
94,"(192, 37)",64.63000000000002,1058606.3321085,1823563.519549,1058605.9081085,1823563.888549,72.21000000000002,7.579999999999999
95,"(37, 36)",65.01000000000002,1058605.9081085,1823563.888549,1058578.6821085,1823587.587549,72.40000000000002,7.389999999999999
96,"(5, 296)",67.67000000000002,1059107.2301085,1823426.199549,1059098.0611085,1823427.529549,73.73000000000002,6.059999999999999
97,"(296, 295)",68.01000000000002,1059098.0611085,1823427.529549,1059061.7061085,1823432.800549,73.90000000000002,5.889999999999999
98,"(36, 191)",68.13000000000002,1058578.6821085,1823587.587549,1058574.8501085,1823590.9235490002,73.96000000000002,5.829999999999999
99,"(191, 190)",68.13000000000002,1058574.8501085,1823590.9235490002,1058573.2131085,1823592.2715490002,73.96000000000002,5.829999999999999
100,"(295, 124)",68.21000000000004,1059061.7061085,1823432.800549,1059059.5291085,1823433.100549,74.00000000000003,5.789999999999999
101,"(137, 138)",68.31000000000003,1058937.0751085,1823376.343549,1058937.4111085,1823378.7755490001,74.05000000000003,5.739999999999999
102,"(138, 139)",68.31000000000003,1058937.4111085,1823378.7755490001,1058941.1381085,1823408.377549,74.05000000000003,5.739999999999999
103,"(124, 123)",68.59000000000003,1059059.5291085,1823433.100549,1059020.4081085,1823438.492549,74.19000000000003,5.599999999999999
104,"(81, 161)",68.63000000000002,1059452.7631085,1823076.6565490002,1059454.0831085,1823074.874549,74.21000000000002,5.58
105,"(161, 162)",68.63000000000002,1059454.0831085,1823074.874549,1059455.2751085,1823073.1945490001,74.21000000000002,5.58
106,"(123, 122)",68.63000000000002,1059020.4081085,1823438.492549,1059017.2761085,1823438.951549,74.21000000000002,5.579999999999999
107,"(162, 169)",68.91000000000003,1059455.2751085,1823073.1945490001,1059468.7251085,1823054.246549,74.35000000000002,5.44
108,"(169, 352)",68.91000000000003,1059468.7251085,1823054.246549,1059477.2931085,1823042.176549,74.35000000000002,5.44
109,"(352, 176)",68.91000000000003,1059477.2931085,1823042.176549,1059480.5571085,1823037.591549,74.35000000000002,5.44
110,"(190, 360)",69.15000000000003,1058573.2131085,1823592.2715490002,1058547.1201085,1823613.760549,74.47000000000003,5.319999999999999
111,"(360, 269)",69.15000000000003,1058547.1201085,1823613.760549,1058545.4811085,1823615.195549,74.47000000000003,5.319999999999999
112,"(269, 166)",70.33000000000001,1058545.4811085,1823615.195549,1058520.4681085,1823637.100549,75.06000000000002,4.7299999999999995
113,"(139, 261)",70.45000000000002,1058941.1381085,1823408.377549,1058941.3861085,1823410.458549,75.12000000000002,4.67
114,"(261, 262)",70.45000000000002,1058941.3861085,1823410.458549,1058946.6471085,1823455.5485490002,75.12000000000002,4.67
115,"(262, 143)",70.45000000000002,1058946.6471085,1823455.5485490002,1058950.2171085,1823488.411549,75.12000000000002,4.67
116,"(176, 324)",70.65000000000003,1059480.5571085,1823037.591549,1059499.8811085,1823005.169549,75.22000000000003,4.57
117,"(75, 111)",70.71000000000001,1059329.3401085,1823306.9305490002,1059352.4891085,1823304.398549,75.25000000000001,4.54
118,"(111, 110)",70.71000000000001,1059352.4891085,1823304.398549,1059353.0091085,1823304.327549,75.25000000000001,4.54
119,"(324, 117)",70.79000000000002,1059499.8811085,1823005.169549,1059501.2811085,1823002.8225490001,75.29000000000002,4.5
120,"(117, 116)",70.79000000000002,1059501.2811085,1823002.8225490001,1059523.7671085,1822964.341549,75.29000000000002,4.5
121,"(166, 165)",70.81000000000003,1058520.4681085,1823637.100549,1058519.5521085,1823637.902549,75.30000000000003,4.49
122,"(165, 246)",70.81000000000003,1058519.5521085,1823637.902549,1058518.1341085,1823639.108549,75.30000000000003,4.49
123,"(246, 348)",70.81000000000003,1058518.1341085,1823639.108549,1058517.4341085,1823639.703549,75.30000000000003,4.49
124,"(143, 144)",70.85000000000002,1058950.2171085,1823488.411549,1058950.3891085,1823489.997549,75.32000000000002,4.47
125,"(144, 145)",70.85000000000002,1058950.3891085,1823489.997549,1058953.9291085,1823512.752549,75.32000000000002,4.47
126,"(110, 46)",70.95000000000002,1059353.0091085,1823304.327549,1059406.3051085,1823297.037549,75.37000000000002,4.42
127,"(122, 245)",71.09000000000003,1059017.2761085,1823438.951549,1058984.3121085,1823443.784549,75.44000000000003,4.35
128,"(46, 45)",71.11000000000001,1059406.3051085,1823297.037549,1059413.8061085,1823294.4035490002,75.45000000000002,4.34
129,"(45, 65)",71.11000000000001,1059413.8061085,1823294.4035490002,1059427.0771085,1823289.743549,75.45000000000002,4.34
130,"(65, 64)",71.11000000000001,1059427.0771085,1823289.743549,1059451.5381085,1823256.388549,75.45000000000002,4.34
131,"(64, 63)",71.11000000000001,1059451.5381085,1823256.388549,1059476.0301085,1823215.7585490001,75.45000000000002,4.34
132,"(63, 201)",71.11000000000001,1059476.0301085,1823215.7585490001,1059496.6211085,1823183.519549,75.45000000000002,4.34
133,"(348, 347)",71.15000000000003,1058517.4341085,1823639.703549,1058490.1901085,1823662.860549,75.47000000000003,4.32
134,"(116, 187)",71.19000000000003,1059523.7671085,1822964.341549,1059525.4421085,1822961.472549,75.49000000000002,4.3
135,"(145, 362)",71.19000000000003,1058953.9291085,1823512.752549,1058955.3931085,1823522.1635490002,75.49000000000002,4.3
136,"(362, 363)",71.65000000000003,1058955.3931085,1823522.1635490002,1058955.6501085,1823523.814549,75.72000000000003,4.069999999999999
137,"(363, 353)",71.65000000000003,1058955.6501085,1823523.814549,1058959.8251085,1823556.7585490001,75.72000000000003,4.069999999999999
138,"(353, 20)",71.85000000000002,1058959.8251085,1823556.7585490001,1058960.5911085,1823562.807549,75.82000000000002,3.9699999999999998
139,"(187, 69)",71.97000000000003,1059525.4421085,1822961.472549,1059542.0621085,1822932.364549,75.88000000000002,3.91
140,"(201, 107)",72.05000000000001,1059496.6211085,1823183.519549,1059525.3711085,1823140.948549,75.92000000000002,3.8699999999999997
141,"(386, 94)",72.09000000000003,1059343.3051085,1822934.544549,1059361.0901085,1822903.5045490002,75.94000000000003,3.85
142,"(69, 68)",72.17000000000002,1059542.0621085,1822932.364549,1059543.2191085,1822930.338549,75.98000000000002,3.81
143,"(68, 67)",72.17000000000002,1059543.2191085,1822930.338549,1059567.0731085,1822893.865549,75.98000000000002,3.81
144,"(67, 66)",72.17000000000002,1059567.0731085,1822893.865549,1059570.7091085,1822888.306549,75.98000000000002,3.81
145,"(245, 244)",72.25000000000003,1058984.3121085,1823443.784549,1058981.5911085,1823444.1835490002,76.02000000000002,3.7699999999999996
146,"(94, 93)",72.39000000000001,1059361.0901085,1822903.5045490002,1059362.7241085,1822900.654549,76.09000000000002,3.7
147,"(30, 392)",72.41000000000003,1059104.0931085,1823356.1705490001,1059103.5131085,1823347.9845490002,76.10000000000002,3.69
148,"(392, 391)",72.41000000000003,1059103.5131085,1823347.9845490002,1059101.9721085,1823326.243549,76.10000000000002,3.69
149,"(386, 393)",72.43,1059343.3051085,1822934.544549,1059354.2071085,1822942.843549,76.11000000000001,3.6799999999999997
150,"(393, 343)",72.43,1059354.2071085,1822942.843549,1059356.5941085,1822944.644549,76.11000000000001,3.6799999999999997
151,"(66, 342)",72.47000000000003,1059570.7091085,1822888.306549,1059564.0771085,1822885.0115490002,76.13000000000002,3.66
152,"(342, 91)",72.47000000000003,1059564.0771085,1822885.0115490002,1059562.4841085,1822884.220549,76.13000000000002,3.66
153,"(391, 390)",72.99000000000001,1059101.9721085,1823326.243549,1059101.1431085,1823314.537549,76.39000000000001,3.4
154,"(390, 174)",73.27000000000001,1059101.1431085,1823314.537549,1059101.0011085,1823311.5255490001,76.53000000000002,3.26
155,"(20, 105)",73.37000000000003,1058960.5911085,1823562.807549,1058956.3281085,1823563.370549,76.58000000000003,3.21
156,"(105, 311)",73.37000000000003,1058956.3281085,1823563.370549,1058952.8251085,1823563.8325490002,76.58000000000003,3.21
157,"(91, 90)",73.79000000000002,1059562.4841085,1822884.220549,1059528.0201085,1822867.0965490001,76.79000000000002,3.0
158,"(90, 89)",73.79000000000002,1059528.0201085,1822867.0965490001,1059525.2551085,1822865.8325490002,76.79000000000002,3.0
159,"(198, 299)",73.87000000000003,1059332.2421085,1823328.999549,1059376.2411085,1823323.922549,76.83000000000003,2.96
160,"(174, 175)",74.17000000000002,1059101.0011085,1823311.5255490001,1059099.4551085,1823278.659549,76.98000000000002,2.8099999999999996
161,"(175, 8)",74.17000000000002,1059099.4551085,1823278.659549,1059099.2361085,1823276.445549,76.98000000000002,2.8099999999999996
162,"(311, 379)",74.29000000000002,1058952.8251085,1823563.8325490002,1058928.5531085,1823567.0355490001,77.04000000000002,2.75
163,"(379, 25)",74.29000000000002,1058928.5531085,1823567.0355490001,1058922.8451085,1823567.7885490002,77.04000000000002,2.75
164,"(244, 243)",74.43,1058981.5911085,1823444.1835490002,1058946.7831085,1823449.2685490001,77.11000000000001,2.6799999999999997
165,"(243, 242)",74.43,1058946.7831085,1823449.2685490001,1058946.7861085,1823449.3795490002,77.11000000000001,2.6799999999999997
166,"(242, 241)",74.43,1058946.7861085,1823449.3795490002,1058946.7801085,1823449.486549,77.11000000000001,2.6799999999999997
167,"(241, 240)",74.43,1058946.7801085,1823449.486549,1058946.7681085,1823449.587549,77.11000000000001,2.6799999999999997
168,"(240, 239)",74.43,1058946.7681085,1823449.587549,1058946.7361085,1823449.728549,77.11000000000001,2.6799999999999997
169,"(239, 238)",74.43,1058946.7361085,1823449.728549,1058946.6871085,1823449.857549,77.11000000000001,2.6799999999999997
170,"(238, 237)",74.43,1058946.6871085,1823449.857549,1058946.6451085,1823449.936549,77.11000000000001,2.6799999999999997
171,"(237, 236)",74.43,1058946.6451085,1823449.936549,1058946.5951085,1823450.009549,77.11000000000001,2.6799999999999997
172,"(236, 235)",74.43,1058946.5951085,1823450.009549,1058946.5051085,1823450.111549,77.11000000000001,2.6799999999999997
173,"(235, 234)",74.43,1058946.5051085,1823450.111549,1058946.4301085,1823450.175549,77.11000000000001,2.6799999999999997
174,"(234, 233)",74.43,1058946.4301085,1823450.175549,1058946.3891085,1823450.206549,77.11000000000001,2.6799999999999997
175,"(233, 232)",74.43,1058946.3891085,1823450.206549,1058946.3461085,1823450.236549,77.11000000000001,2.6799999999999997
176,"(232, 231)",74.43,1058946.3461085,1823450.236549,1058946.3021085,1823450.2645490002,77.11000000000001,2.6799999999999997
177,"(231, 230)",74.43,1058946.3021085,1823450.2645490002,1058946.2561085,1823450.290549,77.11000000000001,2.6799999999999997
178,"(230, 229)",74.43,1058946.2561085,1823450.290549,1058946.2091085,1823450.314549,77.11000000000001,2.6799999999999997
179,"(229, 228)",74.43,1058946.2091085,1823450.314549,1058946.1161085,1823450.353549,77.11000000000001,2.6799999999999997
180,"(228, 227)",74.43,1058946.1161085,1823450.353549,1058946.0251085,1823450.384549,77.11000000000001,2.6799999999999997
181,"(227, 226)",74.43,1058946.0251085,1823450.384549,1058945.9381085,1823450.401549,77.11000000000001,2.6799999999999997
182,"(226, 225)",74.43,1058945.9381085,1823450.401549,1058945.8501085,1823450.409549,77.11000000000001,2.6799999999999997
183,"(225, 224)",74.43,1058945.8501085,1823450.409549,1058945.7041085,1823450.402549,77.11000000000001,2.6799999999999997
184,"(224, 223)",74.43,1058945.7041085,1823450.402549,1058945.6531085,1823450.394549,77.11000000000001,2.6799999999999997
185,"(223, 222)",74.43,1058945.6531085,1823450.394549,1058945.6021085,1823450.385549,77.11000000000001,2.6799999999999997
186,"(222, 221)",74.43,1058945.6021085,1823450.385549,1058945.5511085,1823450.3735490001,77.11000000000001,2.6799999999999997
187,"(221, 220)",74.43,1058945.5511085,1823450.3735490001,1058945.5001085,1823450.3595490002,77.11000000000001,2.6799999999999997
188,"(220, 219)",74.43,1058945.5001085,1823450.3595490002,1058945.4511085,1823450.343549,77.11000000000001,2.6799999999999997
189,"(219, 218)",74.43,1058945.4511085,1823450.343549,1058945.3561085,1823450.306549,77.11000000000001,2.6799999999999997
190,"(218, 217)",74.43,1058945.3561085,1823450.306549,1058945.2711085,1823450.262549,77.11000000000001,2.6799999999999997
191,"(217, 216)",74.43,1058945.2711085,1823450.262549,1058945.1961085,1823450.2145490001,77.11000000000001,2.6799999999999997
192,"(216, 215)",74.43,1058945.1961085,1823450.2145490001,1058945.1291085,1823450.158549,77.11000000000001,2.6799999999999997
193,"(215, 214)",74.43,1058945.1291085,1823450.158549,1058945.0661085,1823450.094549,77.11000000000001,2.6799999999999997
194,"(214, 213)",74.43,1058945.0661085,1823450.094549,1058945.0081085,1823450.022549,77.11000000000001,2.6799999999999997
195,"(213, 212)",74.43,1058945.0081085,1823450.022549,1058944.9571085,1823449.9445490001,77.11000000000001,2.6799999999999997
196,"(212, 211)",74.43,1058944.9571085,1823449.9445490001,1058944.9101085,1823449.858549,77.11000000000001,2.6799999999999997
197,"(211, 210)",74.43,1058944.9101085,1823449.858549,1058944.8691085,1823449.7655490001,77.11000000000001,2.6799999999999997
198,"(210, 209)",74.43,1058944.8691085,1823449.7655490001,1058944.8341085,1823449.664549,77.11000000000001,2.6799999999999997
199,"(209, 208)",74.43,1058944.8341085,1823449.664549,1058944.8051085,1823449.557549,77.11000000000001,2.6799999999999997
200,"(208, 207)",74.43,1058944.8051085,1823449.557549,1058939.8981085,1823450.273549,77.11000000000001,2.6799999999999997
201,"(207, 206)",74.43,1058939.8981085,1823450.273549,1058937.3141085,1823450.5855490002,77.11000000000001,2.6799999999999997
202,"(107, 106)",74.47000000000003,1059525.3711085,1823140.948549,1059542.1941085,1823116.4645490001,77.13000000000002,2.6599999999999997
203,"(106, 202)",74.47000000000003,1059542.1941085,1823116.4645490001,1059543.5231085,1823114.553549,77.13000000000002,2.6599999999999997
204,"(202, 203)",74.47000000000003,1059543.5231085,1823114.553549,1059565.0801085,1823080.121549,77.13000000000002,2.6599999999999997
205,"(203, 6)",74.47000000000003,1059565.0801085,1823080.121549,1059566.0851085,1823078.5965490001,77.13000000000002,2.6599999999999997
206,"(6, 7)",74.53000000000003,1059566.0851085,1823078.5965490001,1059587.9871085,1823045.3495490002,77.16000000000003,2.63
207,"(206, 180)",74.75000000000003,1058937.3141085,1823450.5855490002,1058904.1531085,1823454.595549,77.27000000000002,2.5199999999999996
208,"(93, 92)",74.93,1059362.7241085,1822900.654549,1059386.1791085,1822857.652549,77.36000000000001,2.43
209,"(7, 55)",74.99000000000001,1059587.9871085,1823045.3495490002,1059589.5221085,1823043.019549,77.39000000000001,2.4
210,"(55, 297)",74.99000000000001,1059589.5221085,1823043.019549,1059612.2491085,1823009.8765490002,77.39000000000001,2.4
211,"(343, 197)",75.03000000000003,1059356.5941085,1822944.644549,1059379.2681085,1822961.938549,77.41000000000003,2.38
212,"(25, 26)",75.09000000000003,1058922.8451085,1823567.7885490002,1058920.2501085,1823568.233549,77.44000000000003,2.35
213,"(26, 27)",75.09000000000003,1058920.2501085,1823568.233549,1058916.6041085,1823568.749549,77.44000000000003,2.35
214,"(89, 189)",75.33000000000001,1059525.2551085,1822865.8325490002,1059493.3631085,1822851.253549,77.56000000000002,2.23
215,"(197, 52)",75.55000000000001,1059379.2681085,1822961.938549,1059385.0221085,1822966.326549,77.67000000000002,2.12
216,"(52, 53)",75.55000000000001,1059385.0221085,1822966.326549,1059387.4541085,1822968.0855490002,77.67000000000002,2.12
217,"(53, 54)",75.55000000000001,1059387.4541085,1822968.0855490002,1059389.2591085,1822969.3795490002,77.67000000000002,2.12
218,"(347, 205)",75.55000000000001,1058490.1901085,1823662.860549,1058488.5921085,1823664.213549,77.67000000000002,2.12
219,"(8, 9)",75.57000000000002,1059099.2361085,1823276.445549,1059096.4661085,1823248.3495490002,77.68000000000002,2.11
220,"(73, 126)",75.67000000000002,1059274.3361085,1823064.993549,1059294.1211085,1823077.577549,77.73000000000002,2.06
221,"(126, 125)",75.67000000000002,1059294.1211085,1823077.577549,1059296.1601085,1823078.7855490001,77.73000000000002,2.06
222,"(189, 188)",75.71000000000001,1059493.3631085,1822851.253549,1059490.8181085,1822850.054549,77.75000000000001,2.04
223,"(125, 249)",75.87000000000003,1059296.1601085,1823078.7855490001,1059317.0541085,1823091.161549,77.83000000000003,1.96
224,"(205, 204)",75.93,1058488.5921085,1823664.213549,1058463.3721085,1823685.522549,77.86000000000001,1.93
225,"(204, 33)",75.95000000000002,1058463.3721085,1823685.522549,1058461.7151085,1823686.952549,77.87000000000002,1.92
226,"(180, 179)",76.11000000000001,1058904.1531085,1823454.595549,1058900.5851085,1823455.012549,77.95000000000002,1.8399999999999999
227,"(5, 170)",76.15000000000003,1059107.2301085,1823426.199549,1059139.2421085,1823424.2715490002,77.97000000000003,1.8200000000000003
228,"(299, 357)",76.25000000000003,1059376.2411085,1823323.922549,1059379.1951085,1823323.581549,78.02000000000002,1.77
229,"(179, 178)",76.41000000000003,1058900.5851085,1823455.012549,1058864.5571085,1823459.320549,78.10000000000002,1.69
230,"(297, 298)",76.51000000000002,1059612.2491085,1823009.8765490002,1059613.5881085,1823007.9235490002,78.15000000000002,1.6400000000000001
231,"(298, 171)",76.51000000000002,1059613.5881085,1823007.9235490002,1059632.8321085,1822980.5155490001,78.15000000000002,1.6400000000000001
232,"(33, 32)",76.57000000000002,1058461.7151085,1823686.952549,1058431.8951085,1823712.701549,78.18000000000002,1.6099999999999999
233,"(32, 346)",76.57000000000002,1058431.8951085,1823712.701549,1058430.4881085,1823713.9165490002,78.18000000000002,1.6099999999999999
234,"(346, 345)",76.57000000000002,1058430.4881085,1823713.9165490002,1058406.6731085,1823733.980549,78.18000000000002,1.6099999999999999
235,"(345, 344)",76.57000000000002,1058406.6731085,1823733.980549,1058373.3941085,1823762.321549,78.18000000000002,1.6099999999999999
236,"(188, 279)",76.59000000000003,1059490.8181085,1822850.054549,1059456.5911085,1822833.934549,78.19000000000003,1.6
237,"(279, 278)",76.59000000000003,1059456.5911085,1822833.934549,1059454.2681085,1822832.894549,78.19000000000003,1.6
238,"(170, 263)",76.59000000000003,1059139.2421085,1823424.2715490002,1059142.8711085,1823424.053549,78.19000000000003,1.6
239,"(36, 350)",76.67000000000002,1058578.6821085,1823587.587549,1058568.6091085,1823574.4715490001,78.23000000000002,1.56
240,"(350, 351)",76.67000000000002,1058568.6091085,1823574.4715490001,1058490.7121085,1823480.499549,78.23000000000002,1.56
241,"(351, 319)",76.67000000000002,1058490.7121085,1823480.499549,1058505.6461085,1823469.436549,78.23000000000002,1.56
242,"(319, 320)",76.67000000000002,1058505.6461085,1823469.436549,1058511.4301085,1823465.152549,78.23000000000002,1.56
243,"(320, 321)",76.67000000000002,1058511.4301085,1823465.152549,1058493.6201085,1823434.3325490002,78.23000000000002,1.56
244,"(129, 272)",76.69000000000003,1059245.6591085,1823205.6135490001,1059239.5241085,1823204.017549,78.24000000000002,1.55
245,"(272, 273)",76.69000000000003,1059239.5241085,1823204.017549,1059200.7771085,1823193.935549,78.24000000000002,1.55
246,"(273, 16)",76.69000000000003,1059200.7771085,1823193.935549,1059198.9311085,1823193.533549,78.24000000000002,1.55
247,"(321, 373)",76.75000000000003,1058493.6201085,1823434.3325490002,1058475.3421085,1823402.701549,78.27000000000002,1.52
248,"(373, 374)",76.75000000000003,1058475.3421085,1823402.701549,1058457.0331085,1823371.017549,78.27000000000002,1.52
249,"(263, 281)",76.79000000000002,1059142.8711085,1823424.053549,1059181.1041085,1823422.010549,78.29000000000002,1.5
250,"(281, 282)",76.79000000000002,1059181.1041085,1823422.010549,1059182.9081085,1823421.874549,78.29000000000002,1.5
251,"(278, 258)",76.81000000000003,1059454.2681085,1822832.894549,1059422.8971085,1822818.854549,78.30000000000003,1.49
252,"(344, 61)",76.87000000000003,1058373.3941085,1823762.321549,1058372.5801085,1823763.0155490001,78.33000000000003,1.46
253,"(61, 62)",76.87000000000003,1058372.5801085,1823763.0155490001,1058339.8081085,1823790.843549,78.33000000000003,1.46
254,"(178, 336)",77.03000000000003,1058864.5571085,1823459.320549,1058860.5661085,1823459.797549,78.41000000000003,1.38
255,"(70, 95)",77.29000000000002,1058848.5201085,1823390.0825490002,1058840.5691085,1823365.480549,78.54000000000002,1.2500000000000002
256,"(95, 96)",77.29000000000002,1058840.5691085,1823365.480549,1058829.1131085,1823333.189549,78.54000000000002,1.2500000000000002
257,"(96, 59)",77.29000000000002,1058829.1131085,1823333.189549,1058815.6401085,1823296.8635490001,78.54000000000002,1.2500000000000002
258,"(59, 60)",77.29000000000002,1058815.6401085,1823296.8635490001,1058798.7231085,1823262.911549,78.54000000000002,1.2500000000000002
259,"(60, 34)",77.29000000000002,1058798.7231085,1823262.911549,1058791.1351085,1823224.9715490001,78.54000000000002,1.2500000000000002
260,"(73, 74)",77.31000000000003,1059274.3361085,1823064.993549,1059234.8751085,1823052.296549,78.55000000000003,1.24
261,"(386, 385)",77.39000000000001,1059343.3051085,1822934.544549,1059338.0081085,1822931.948549,78.59000000000002,1.2
262,"(385, 414)",77.39000000000001,1059338.0081085,1822931.948549,1059309.0091085,1822914.962549,78.59000000000002,1.2
263,"(414, 402)",77.39000000000001,1059309.0091085,1822914.962549,1059307.4751085,1822914.0625490001,78.59000000000002,1.2
264,"(34, 35)",77.43,1058791.1351085,1823224.9715490001,1058790.7701085,1823223.144549,78.61000000000001,1.1800000000000002
265,"(35, 194)",77.43,1058790.7701085,1823223.144549,1058790.0571085,1823219.581549,78.61000000000001,1.1800000000000002
266,"(402, 397)",77.49000000000001,1059307.4751085,1822914.0625490001,1059303.8371085,1822911.948549,78.64000000000001,1.15
267,"(27, 156)",77.49000000000001,1058916.6041085,1823568.749549,1058879.1151085,1823574.047549,78.64000000000001,1.15
268,"(249, 248)",77.55000000000001,1059317.0541085,1823091.161549,1059318.9721085,1823092.297549,78.67000000000002,1.12
269,"(248, 247)",77.55000000000001,1059318.9721085,1823092.297549,1059344.4291085,1823109.485549,78.67000000000002,1.12
270,"(62, 354)",77.55000000000001,1058339.8081085,1823790.843549,1058287.2671085,1823835.459549,78.67000000000002,1.1199999999999999
271,"(354, 112)",77.55000000000001,1058287.2671085,1823835.459549,1058282.5081085,1823839.537549,78.67000000000002,1.1199999999999999
272,"(112, 113)",77.57000000000002,1058282.5081085,1823839.537549,1058250.8251085,1823866.685549,78.68000000000002,1.1099999999999999
273,"(113, 114)",77.83000000000001,1058250.8251085,1823866.685549,1058247.2191085,1823869.7755490001,78.81000000000002,0.9799999999999999
274,"(114, 115)",77.83000000000001,1058247.2191085,1823869.7755490001,1058245.0571085,1823871.628549,78.81000000000002,0.9799999999999999
275,"(9, 252)",77.89000000000001,1059096.4661085,1823248.3495490002,1059096.2691085,1823246.347549,78.84000000000002,0.9500000000000001
276,"(252, 253)",77.89000000000001,1059096.2691085,1823246.347549,1059096.2691085,1823203.951549,78.84000000000002,0.9500000000000001
277,"(253, 10)",77.89000000000001,1059096.2691085,1823203.951549,1059096.2171085,1823202.3665490001,78.84000000000002,0.9500000000000001
278,"(92, 331)",77.99000000000001,1059386.1791085,1822857.652549,1059387.1791085,1822855.817549,78.89000000000001,0.9
279,"(176, 177)",78.05000000000001,1059480.5571085,1823037.591549,1059502.8091085,1823055.1465490002,78.92000000000002,0.87
280,"(75, 78)",78.09000000000003,1059329.3401085,1823306.9305490002,1059277.8861085,1823312.648549,78.94000000000003,0.85
281,"(194, 195)",78.11000000000001,1058790.0571085,1823219.581549,1058774.7301085,1823174.130549,78.95000000000002,0.8400000000000001
282,"(195, 196)",78.11000000000001,1058774.7301085,1823174.130549,1058735.2961085,1823168.6365490002,78.95000000000002,0.8400000000000001
283,"(196, 47)",78.11000000000001,1058735.2961085,1823168.6365490002,1058710.5991085,1823168.465549,78.95000000000002,0.8400000000000001
284,"(47, 48)",78.11000000000001,1058710.5991085,1823168.465549,1058694.3671085,1823168.3525490002,78.95000000000002,0.8400000000000001
285,"(48, 49)",78.11000000000001,1058694.3671085,1823168.3525490002,1058654.2091085,1823168.117549,78.95000000000002,0.8400000000000001
286,"(49, 50)",78.11000000000001,1058654.2091085,1823168.117549,1058650.2481085,1823168.434549,78.95000000000002,0.8400000000000001
287,"(50, 51)",78.11000000000001,1058650.2481085,1823168.434549,1058641.8791085,1823162.4005490001,78.95000000000002,0.8400000000000001
288,"(51, 101)",78.15000000000003,1058641.8791085,1823162.4005490001,1058604.9381085,1823135.767549,78.97000000000003,0.8200000000000001
289,"(101, 102)",78.15000000000003,1058604.9381085,1823135.767549,1058593.6881085,1823126.233549,78.97000000000003,0.8200000000000001
290,"(102, 103)",78.15000000000003,1058593.6881085,1823126.233549,1058561.4421085,1823094.620549,78.97000000000003,0.8200000000000001
291,"(103, 104)",78.15000000000003,1058561.4421085,1823094.620549,1058540.2591085,1823067.5755490002,78.97000000000003,0.8200000000000001
292,"(104, 291)",78.15000000000003,1058540.2591085,1823067.5755490002,1058538.8031085,1823065.716549,78.97000000000003,0.8200000000000001
293,"(397, 398)",78.19000000000003,1059303.8371085,1822911.948549,1059297.3671085,1822908.188549,78.99000000000002,0.8
294,"(398, 399)",78.19000000000003,1059297.3671085,1822908.188549,1059274.7721085,1822894.642549,78.99000000000002,0.8
295,"(399, 400)",78.19000000000003,1059274.7721085,1822894.642549,1059259.0561085,1822885.381549,78.99000000000002,0.8
296,"(400, 394)",78.19000000000003,1059259.0561085,1822885.381549,1059239.1121085,1822873.407549,78.99000000000002,0.8
297,"(336, 335)",78.23000000000002,1058860.5661085,1823459.797549,1058823.8091085,1823464.365549,79.01000000000002,0.78
298,"(282, 290)",78.25000000000003,1059182.9081085,1823421.874549,1059207.0781085,1823420.057549,79.02000000000002,0.77
299,"(20, 19)",78.27000000000001,1058960.5911085,1823562.807549,1058981.2081085,1823559.5825490002,79.03000000000002,0.76
300,"(19, 160)",78.27000000000001,1058981.2081085,1823559.5825490002,1058983.4861085,1823559.225549,79.03000000000002,0.76
301,"(160, 159)",78.27000000000001,1058983.4861085,1823559.225549,1059022.1801085,1823552.611549,79.03000000000002,0.76
302,"(159, 58)",78.27000000000001,1059022.1801085,1823552.611549,1059060.4751085,1823546.372549,79.03000000000002,0.76
303,"(331, 259)",78.31000000000003,1059387.1791085,1822855.817549,1059411.4551085,1822812.7685490001,79.05000000000003,0.74
304,"(259, 260)",78.31000000000003,1059411.4551085,1822812.7685490001,1059377.3121085,1822794.122549,79.05000000000003,0.74
305,"(291, 292)",78.35000000000002,1058538.8031085,1823065.716549,1058511.9321085,1823035.567549,79.07000000000002,0.7200000000000001
306,"(292, 293)",78.35000000000002,1058511.9321085,1823035.567549,1058478.4471085,1823000.5385490002,79.07000000000002,0.7200000000000001
307,"(115, 310)",78.43,1058245.0571085,1823871.628549,1058205.9921085,1823905.101549,79.11000000000001,0.6799999999999999
308,"(54, 280)",78.49000000000001,1059389.2591085,1822969.3795490002,1059411.4191085,1822985.267549,79.14000000000001,0.65
309,"(293, 108)",78.55000000000001,1058478.4471085,1823000.5385490002,1058476.6331085,1822998.641549,79.17000000000002,0.6200000000000001
310,"(108, 109)",78.65000000000003,1058476.6331085,1822998.641549,1058403.5311085,1823027.5385490002,79.22000000000003,0.5700000000000001
311,"(394, 395)",78.71000000000001,1059239.1121085,1822873.407549,1059232.1741085,1822869.2415490001,79.25000000000001,0.54
312,"(16, 17)",78.71000000000001,1059198.9311085,1823193.533549,1059158.6301085,1823184.749549,79.25000000000001,0.54
313,"(335, 334)",78.71000000000001,1058823.8091085,1823464.365549,1058820.8861085,1823464.742549,79.25000000000001,0.54
314,"(374, 375)",78.79000000000002,1058457.0331085,1823371.017549,1058449.4511085,1823357.895549,79.29000000000002,0.5
315,"(375, 376)",78.79000000000002,1058449.4511085,1823357.895549,1058435.8451085,1823334.350549,79.29000000000002,0.5
316,"(376, 312)",78.79000000000002,1058435.8451085,1823334.350549,1058420.3951085,1823307.6125490002,79.29000000000002,0.5
317,"(312, 313)",78.79000000000002,1058420.3951085,1823307.6125490002,1058416.1861085,1823300.3295490001,79.29000000000002,0.5
318,"(313, 314)",78.81000000000003,1058416.1861085,1823300.3295490001,1058404.2441085,1823279.6635490002,79.30000000000003,0.49
319,"(314, 315)",78.81000000000003,1058404.2441085,1823279.6635490002,1058399.2441085,1823270.742549,79.30000000000003,0.49
320,"(315, 316)",78.81000000000003,1058399.2441085,1823270.742549,1058388.4711085,1823277.9005490001,79.30000000000003,0.49
321,"(316, 317)",78.81000000000003,1058388.4711085,1823277.9005490001,1058366.7011085,1823293.4435490002,79.30000000000003,0.49
322,"(317, 318)",78.81000000000003,1058366.7011085,1823293.4435490002,1058361.1131085,1823297.4335490002,79.30000000000003,0.49
323,"(146, 147)",78.87000000000003,1059239.0461085,1823243.039549,1059220.7221085,1823244.7545490002,79.33000000000003,0.45999999999999996
324,"(147, 148)",78.87000000000003,1059220.7221085,1823244.7545490002,1059181.9151085,1823248.5085490001,79.33000000000003,0.45999999999999996
325,"(109, 307)",78.89000000000001,1058403.5311085,1823027.5385490002,1058323.1591085,1823059.3085490002,79.34000000000002,0.45
326,"(307, 308)",78.89000000000001,1058323.1591085,1823059.3085490002,1058291.9611085,1823084.6435490001,79.34000000000002,0.45
327,"(308, 309)",78.89000000000001,1058291.9611085,1823084.6435490001,1058281.3431085,1823104.851549,79.34000000000002,0.45
328,"(260, 304)",78.99000000000001,1059377.3121085,1822794.122549,1059375.1211085,1822792.926549,79.39000000000001,0.4
329,"(304, 154)",78.99000000000001,1059375.1211085,1822792.926549,1059333.9581085,1822774.7075490002,79.39000000000001,0.4
330,"(171, 172)",78.99000000000001,1059632.8321085,1822980.5155490001,1059634.2701085,1822978.4675490002,79.39000000000001,0.4
331,"(172, 173)",78.99000000000001,1059634.2701085,1822978.4675490002,1059663.6561085,1822940.121549,79.39000000000001,0.4
332,"(25, 140)",78.99000000000001,1058922.8451085,1823567.7885490002,1058924.2421085,1823573.4275490001,79.39000000000001,0.4
333,"(140, 141)",78.99000000000001,1058924.2421085,1823573.4275490001,1058939.3671085,1823612.953549,79.39000000000001,0.4
334,"(141, 142)",78.99000000000001,1058939.3671085,1823612.953549,1058939.9631085,1823614.510549,79.39000000000001,0.4
335,"(10, 11)",78.99000000000001,1059096.2171085,1823202.3665490001,1059095.3991085,1823177.490549,79.39000000000001,0.4
336,"(318, 377)",79.01000000000002,1058361.1131085,1823297.4335490002,1058350.9561085,1823304.685549,79.40000000000002,0.39
337,"(377, 378)",79.01000000000002,1058350.9561085,1823304.685549,1058332.4701085,1823317.884549,79.40000000000002,0.39
338,"(378, 371)",79.01000000000002,1058332.4701085,1823317.884549,1058328.2091085,1823320.926549,79.40000000000002,0.39
339,"(397, 406)",79.09000000000003,1059303.8371085,1822911.948549,1059303.9291085,1822914.009549,79.44000000000003,0.35
340,"(142, 182)",79.21000000000001,1058939.9631085,1823614.510549,1058953.7311085,1823650.4985490001,79.50000000000001,0.29000000000000004
341,"(182, 21)",79.21000000000001,1058953.7311085,1823650.4985490001,1058954.4781085,1823652.434549,79.50000000000001,0.29000000000000004
342,"(21, 22)",79.21000000000001,1058954.4781085,1823652.434549,1058967.6891085,1823686.692549,79.50000000000001,0.29000000000000004
343,"(22, 23)",79.21000000000001,1058967.6891085,1823686.692549,1058982.1941085,1823725.030549,79.50000000000001,0.29000000000000004
344,"(23, 24)",79.21000000000001,1058982.1941085,1823725.030549,1058983.0051085,1823727.131549,79.50000000000001,0.29000000000000004
345,"(17, 18)",79.27000000000001,1059158.6301085,1823184.749549,1059157.0121084999,1823184.326549,79.53000000000002,0.26
346,"(18, 401)",79.27000000000001,1059157.0121084999,1823184.326549,1059125.0841085,1823175.9945490002,79.53000000000002,0.26
347,"(371, 372)",79.29000000000002,1058328.2091085,1823320.926549,1058296.1111085,1823343.843549,79.54000000000002,0.25
348,"(150, 84)",79.35000000000002,1059405.4741085,1823146.747549,1059431.8081085,1823165.061549,79.57000000000002,0.21999999999999997
349,"(84, 83)",79.35000000000002,1059431.8081085,1823165.061549,1059433.3821085,1823166.155549,79.57000000000002,0.21999999999999997
350,"(177, 276)",79.41000000000003,1059502.8091085,1823055.1465490002,1059504.8811085,1823056.7815490002,79.60000000000002,0.19
351,"(276, 87)",79.41000000000003,1059504.8811085,1823056.7815490002,1059526.7551085,1823073.2415490001,79.60000000000002,0.19
352,"(87, 88)",79.41000000000003,1059526.7551085,1823073.2415490001,1059528.5701085,1823074.6065490001,79.60000000000002,0.19
353,"(88, 85)",79.41000000000003,1059528.5701085,1823074.6065490001,1059553.1361085,1823092.061549,79.60000000000002,0.19
354,"(280, 302)",79.43,1059411.4191085,1822985.267549,1059414.0921085,1822987.184549,79.61000000000001,0.18
355,"(302, 303)",79.43,1059414.0921085,1822987.184549,1059439.6371084999,1823006.8185490002,79.61000000000001,0.18
356,"(173, 368)",79.43,1059663.6561085,1822940.121549,1059664.7901085,1822938.675549,79.61000000000001,0.18
357,"(368, 369)",79.43,1059664.7901085,1822938.675549,1059668.1131085,1822934.438549,79.61000000000001,0.18
358,"(369, 370)",79.43,1059668.1131085,1822934.438549,1059673.6841085,1822936.919549,79.61000000000001,0.18
359,"(370, 367)",79.43,1059673.6841085,1822936.919549,1059705.7391085,1822950.5255490001,79.61000000000001,0.18
360,"(66, 153)",79.49000000000001,1059570.7091085,1822888.306549,1059595.2981085,1822899.838549,79.64000000000001,0.15000000000000002
361,"(24, 41)",79.51000000000002,1058983.0051085,1823727.131549,1058993.4641085,1823754.243549,79.65000000000002,0.14
362,"(153, 277)",79.59000000000003,1059595.2981085,1822899.838549,1059598.0381085,1822901.1235490001,79.69000000000003,0.1
363,"(83, 82)",79.77000000000001,1059433.3821085,1823166.155549,1059455.2061085,1823180.216549,79.78000000000002,0.01
364,"(58, 57)",79.77000000000001,1059060.4751085,1823546.372549,1059095.2171085,1823539.8695490002,79.78000000000002,0.01
365,"(57, 56)",79.77000000000001,1059095.2171085,1823539.8695490002,1059098.2601085,1823539.299549,79.78000000000002,0.01
366,"(766, 1)",79.79000000000002,1059188.6417683344,1823345.6221197168,1059183.6521085,1823346.206549,0.0,79.79000000000002
367,"(148, 186)",79.79000000000002,1059181.9151085,1823248.5085490001,1059178.8281085,1823248.807549,79.79000000000002,0.0
368,"(74, 268)",79.79000000000002,1059234.8751085,1823052.296549,1059231.0461085,1823051.064549,79.79000000000002,0.0
369,"(247, 251)",79.79000000000002,1059344.4291085,1823109.485549,1059346.9881085,1823111.212549,79.79000000000002,0.0
370,"(251, 250)",79.79000000000002,1059346.9881085,1823111.212549,1059372.8911085,1823127.6635490002,79.79000000000002,0.0
371,"(250, 275)",79.79000000000002,1059372.8911085,1823127.6635490002,1059374.7221085,1823128.826549,79.79000000000002,0.0
372,"(275, 274)",79.79000000000002,1059374.7221085,1823128.826549,1059400.7101085,1823144.0525490001,79.79000000000002,0.0
373,"(395, 396)",79.79000000000002,1059232.1741085,1822869.2415490001,1059205.4041085,1822852.5655490002,79.79000000000002,0.0
374,"(406, 407)",79.79000000000002,1059303.9291085,1822914.009549,1059272.0731085,1822894.959549,79.79000000000002,0.0
375,"(303, 325)",79.79000000000002,1059439.6371084999,1823006.8185490002,1059441.4871085,1823008.240549,79.79000000000002,0.0
376,"(325, 326)",79.79000000000002,1059441.4871085,1823008.240549,1059474.0371085,1823032.6945490001,79.79000000000002,0.0
377,"(326, 327)",79.79000000000002,1059474.0371085,1823032.6945490001,1059476.6591085,1823034.608549,79.79000000000002,0.0
378,"(154, 155)",79.79000000000002,1059333.9581085,1822774.7075490002,1059333.2681085,1822774.402549,79.79000000000002,0.0
379,"(155, 365)",79.79000000000002,1059333.2681085,1822774.402549,1059331.3841085,1822773.5695490001,79.79000000000002,0.0
380,"(401, 408)",79.79000000000002,1059125.0841085,1823175.9945490002,1059122.1271085,1823175.222549,79.79000000000002,0.0
381,"(357, 356)",79.79000000000002,1059379.1951085,1823323.581549,1059427.4971085,1823315.595549,79.79000000000002,0.0
382,"(356, 355)",79.79000000000002,1059427.4971085,1823315.595549,1059430.5051085,1823315.097549,79.79000000000002,0.0
383,"(85, 86)",79.79000000000002,1059553.1361085,1823092.061549,1059554.8681085,1823093.2915490002,79.79000000000002,0.0
384,"(258, 257)",79.79000000000002,1059422.8971085,1822818.854549,1059420.7601085,1822817.897549,79.79000000000002,0.0
385,"(82, 338)",79.79000000000002,1059455.2061085,1823180.216549,1059457.1031085,1823181.438549,79.79000000000002,0.0
386,"(338, 337)",79.79000000000002,1059457.1031085,1823181.438549,1059484.7351085,1823198.5855490002,79.79000000000002,0.0
387,"(78, 300)",79.79000000000002,1059277.8861085,1823312.648549,1059275.2071085,1823312.945549,79.79000000000002,0.0
388,"(367, 366)",79.79000000000002,1059705.7391085,1822950.5255490001,1059707.8761085,1822951.421549,79.79000000000002,0.0
389,"(118, 417)",79.79000000000002,1059132.7641085,1823352.5415490002,1059132.2641085,1823346.651549,79.79000000000002,0.0
390,"(290, 389)",79.79000000000002,1059207.0781085,1823420.057549,1059208.1111085,1823419.979549,79.79000000000002,0.0
391,"(389, 387)",79.79000000000002,1059208.1111085,1823419.979549,1059209.4761085,1823419.877549,79.79000000000002,0.0
392,"(387, 388)",79.79000000000002,1059209.4761085,1823419.877549,1059210.7811085,1823419.779549,79.79000000000002,0.0
393,"(388, 409)",79.79000000000002,1059210.7811085,1823419.779549,1059245.6571085,1823433.549549,79.79000000000002,0.0
394,"(409, 410)",79.79000000000002,1059245.6571085,1823433.549549,1059285.2711085,1823444.668549,79.79000000000002,0.0
395,"(410, 411)",79.79000000000002,1059285.2711085,1823444.668549,1059325.3491085,1823461.1165490001,79.79000000000002,0.0
396,"(411, 412)",79.79000000000002,1059325.3491085,1823461.1165490001,1059362.8781085,1823482.1975490001,79.79000000000002,0.0
397,"(412, 413)",79.79000000000002,1059362.8781085,1823482.1975490001,1059367.2791085,1823485.904549,79.79000000000002,0.0
398,"(334, 416)",79.79000000000002,1058820.8861085,1823464.742549,1058784.1881085,1823469.4715490001,79.79000000000002,0.0
399,"(416, 415)",79.79000000000002,1058784.1881085,1823469.4715490001,1058781.6151085,1823469.8025490001,79.79000000000002,0.0
400,"(415, 121)",79.79000000000002,1058781.6151085,1823469.8025490001,1058743.4061085,1823474.730549,79.79000000000002,0.0
401,"(121, 120)",79.79000000000002,1058743.4061085,1823474.730549,1058740.7531085,1823475.0725490001,79.79000000000002,0.0
402,"(156, 157)",79.79000000000002,1058879.1151085,1823574.047549,1058876.8121085,1823574.372549,79.79000000000002,0.0
403,"(157, 158)",79.79000000000002,1058876.8121085,1823574.372549,1058838.6781085,1823579.000549,79.79000000000002,0.0
404,"(158, 349)",79.79000000000002,1058838.6781085,1823579.000549,1058836.5841085,1823579.2545490002,79.79000000000002,0.0
405,"(41, 42)",79.79000000000002,1058993.4641085,1823754.243549,1058996.4811085,1823762.064549,79.79000000000002,0.0
406,"(309, 284)",79.79000000000002,1058281.3431085,1823104.851549,1058274.2691085,1823118.316549,79.79000000000002,0.0
407,"(284, 285)",79.79000000000002,1058274.2691085,1823118.316549,1058272.4891085,1823121.703549,79.79000000000002,0.0
408,"(11, 97)",79.79000000000002,1059095.3991085,1823177.490549,1059095.3391085,1823175.669549,79.79000000000002,0.0
409,"(97, 98)",79.79000000000002,1059095.3391085,1823175.669549,1059096.0781085,1823145.067549,79.79000000000002,0.0
410,"(98, 99)",79.79000000000002,1059096.0781085,1823145.067549,1059099.9821085,1823108.135549,79.79000000000002,0.0
411,"(99, 100)",79.79000000000002,1059099.9821085,1823108.135549,1059104.3271085,1823079.374549,79.79000000000002,0.0
412,"(100, 305)",79.79000000000002,1059104.3271085,1823079.374549,1059104.4141085,1823078.799549,79.79000000000002,0.0
413,"(305, 306)",79.79000000000002,1059104.4141085,1823078.799549,1059110.4291085,1823050.309549,79.79000000000002,0.0
414,"(306, 254)",79.79000000000002,1059110.4291085,1823050.309549,1059119.4801085,1823016.8295490001,79.79000000000002,0.0
415,"(254, 255)",79.79000000000002,1059119.4801085,1823016.8295490001,1059121.2981085,1823010.104549,79.79000000000002,0.0
416,"(255, 256)",79.79000000000002,1059121.2981085,1823010.104549,1059078.1041085,1823002.1975490001,79.79000000000002,0.0
417,"(256, 358)",79.79000000000002,1059078.1041085,1823002.1975490001,1059075.1841085,1823001.662549,79.79000000000002,0.0
