Peano Meter,Final Voltage A (V),Final Voltage B (V),Final Voltage C (V),Distance to Transformer (m),Load A (kW),Load B (kW),Load C (kW),Group,Phases,Meter X,Meter Y,New Phase,New Load A,New Load B,New Load C
6600124322,229.43020652760833,229.49279140189043,229.49634243067763,74.0297250742,0.85,0.0,0.0,Group 2,A,1059281.6331085,1823318.2885490002,A,0.85,0.0,0.0
6300793002,222.27170800256545,227.5707603711888,223.75018740584133,635.6489652133339,0.0,0.0,0.0,Group 2,A,1059447.8591085,1822838.783549,A,0.0,0.0,0.0
6001595841,229.46976880282688,229.05284057116975,228.63243288615172,40.1460670178,0.0,0.0,0.03,Group 1,C,1058980.1531085,1823362.637549,B,0.0,0.03,0.0
5800301154,227.8799384277684,226.41088939955998,224.46251770759991,193.06552044767554,0.0,0.0,0.74,Group 1,C,1059143.2501085,1823347.358549,C,0.0,0.0,0.74
25573081,227.8799384277684,226.29584160936994,224.28716795587633,240.71000425221456,0.0,0.44,0.0,Group 1,B,1059192.5111085,1823341.151549,B,0.0,0.44,0.0
17237050,226.1783026346707,229.90323977827924,229.43557750327543,324.1473693229777,0.0,0.0,0.0,Group 1,A,1058959.4441085,1823654.296549,A,0.0,0.0,0.0
24011449,216.29801399125557,226.18161077018442,228.19788898985144,589.36770587682,0.31,0.0,0.0,Group 1,A,1058455.4491085,1823684.418549,A,0.31,0.0,0.0
26809473,226.07373229439736,229.90323977827924,229.43557750327543,433.16615531200483,0.14,0.0,0.0,Group 1,A,1058993.5401085,1823754.2145490001,A,0.14,0.0,0.0
5600618522,224.32404033490937,228.9098232514166,229.01676636521077,923.1918376651454,0.45,0.0,0.0,Group 1,A,1058281.3141085,1823104.836549,A,0.45,0.0,0.0
24498694,217.28247616328215,226.18161077018442,228.19788898985144,512.3145759372851,0.0,0.1,0.0,Group 1,B,1058519.5151085,1823627.885549,B,0.0,0.1,0.0
28815410,226.0555142342999,228.9098232514166,229.01676636521077,278.32352908370467,0.04,0.0,0.0,Group 1,A,1058784.4091085,1823215.774549,A,0.04,0.0,0.0
5800060942,226.84938205582276,225.94831032909443,223.59705553972321,330.68656670622397,0.0,0.0,0.0,Group 1,A,1059202.5601085,1823424.746549,B,0.0,0.0,0.0
5600394160,230.0,230.0,230.0,0.0,0.0,0.91,0.0,Group 1,B,1058949.8611085,1823370.763549,C,0.0,0.0,0.91
21185950,229.46976880282688,229.05284057116975,228.63243288615172,40.1460670178,0.0,0.0,0.43,Group 1,C,1058980.6031085,1823366.4645490001,C,0.0,0.0,0.43
6499445,227.8799384277684,226.41088939955998,224.46251770759991,193.06552044767554,0.0,0.0,0.33,Group 1,C,1059138.8381085,1823343.784549,C,0.0,0.0,0.33
23267938,226.08934093437364,229.90323977827924,229.43557750327543,404.10671235450485,0.15,0.0,0.0,Group 1,A,1058989.7471085,1823728.053549,A,0.15,0.0,0.0
6001523198,224.32409714360034,228.9098232514166,229.01676636521077,938.3693063854786,0.0,0.0,0.0,Group 1,A,1058279.9151085,1823116.4335490002,A,0.0,0.0,0.0
5800729536,229.56235105220975,229.10952740667202,229.49634243067763,46.07086997084293,0.12,0.0,0.0,Group 2,A,1059353.5241085,1823308.091549,A,0.12,0.0,0.0
6001595169,215.54332031895458,226.18161077018442,228.19788898985144,705.4771265627052,0.15,0.0,0.0,Group 1,A,1058369.4901085,1823758.061549,A,0.15,0.0,0.0
27554382,214.9431932150087,226.18161077018442,228.19788898985144,824.7356284475572,0.01,0.0,0.0,Group 1,A,1058280.6591085,1823836.327549,A,0.01,0.0,0.0
5800848469,217.41305743536654,226.36371813028634,228.19788898985144,635.860253114206,0.04,0.0,0.0,Group 1,A,1058481.6811085,1823441.043549,A,0.04,0.0,0.0
5800301787,224.76361331363904,228.9098232514166,229.01676636521077,692.4879063248289,0.1,0.0,0.0,Group 1,A,1058481.3221085,1823006.895549,A,0.1,0.0,0.0
B260187,221.43996021930917,222.36612299940688,225.59405002242028,251.35390581334855,0.0,0.05,0.0,Group 2,B,1059239.7471085,1823192.157549,C,0.0,0.0,0.05
6499432,226.55210782624795,228.76631469133866,228.9027730959783,111.99389594748726,0.0,0.07,0.0,Group 1,B,1058835.0651085,1823387.757549,B,0.0,0.07,0.0
5600394156,227.8799384277684,226.30346017152567,224.29217178401066,237.55493182827553,0.0,0.0,0.04,Group 1,C,1059173.5991085,1823343.381549,B,0.0,0.04,0.0
5800847679,226.1783026346707,229.90323977827924,229.43557750327543,324.1473693229777,0.0,0.0,0.0,Group 1,A,1058963.1681085,1823652.705549,A,0.0,0.0,0.0
D556620,226.24297167005318,229.90323977827924,229.43557750327543,240.0580576914115,0.14,0.0,0.0,Group 1,A,1058913.7751085,1823561.245549,A,0.14,0.0,0.0
5800644198,216.31496173064244,226.18161077018442,228.19788898985144,587.1789735954641,0.01,0.0,0.0,Group 1,A,1058462.5161085,1823676.951549,A,0.01,0.0,0.0
6001521529,217.68008683874868,226.36371813028634,228.19788898985144,593.0666178088644,0.0,0.0,0.0,Group 1,A,1058506.3261085,1823474.632549,A,0.0,0.0,0.0
5900535530,214.5845579344407,226.18161077018442,228.19788898985144,925.4993935455772,0.06,0.0,0.0,Group 1,A,1058205.6931085,1823895.293549,A,0.06,0.0,0.0
5700851973,225.01081081748083,228.9098232514166,229.01676636521077,603.64309202996,0.1,0.0,0.0,Group 1,A,1058534.4961085,1823066.2415490001,A,0.1,0.0,0.0
23621926,222.86773960861058,223.7398456794318,226.33493403028595,261.78406456159905,0.07,0.0,0.0,Group 2,A,1059183.8771085,1823239.955549,A,0.07,0.0,0.0
23621928,222.86773960861058,223.7398456794318,226.33493403028595,261.78406456159905,0.1,0.0,0.0,Group 2,A,1059188.2401085,1823243.739549,A,0.1,0.0,0.0
19446302,216.8602058980097,219.22649637253096,223.95872352175545,427.45321208689944,1.24,0.0,0.0,Group 2,A,1059233.8631085,1823059.027549,A,1.24,0.0,0.0
6499537,224.09072842859135,227.72607057247393,223.75018740584133,454.12663427873883,0.0,0.0,0.1,Group 2,C,1059535.2561085,1822931.556549,A,0.1,0.0,0.0
17519655,223.11347770789763,227.44473534515143,228.4101840718747,252.51369200429565,0.0,0.45,0.0,Group 1,B,1058716.1801085,1823460.776549,C,0.0,0.0,0.45
21228873,225.31534951876276,228.29121986496705,228.64694637282443,161.8578402062486,0.0,0.05,0.0,Group 1,B,1058782.7781085,1823409.787549,C,0.0,0.0,0.05
6499451,230.0,230.0,230.0,0.0,0.0,0.12,0.0,Group 1,B,1058945.9591085,1823371.138549,C,0.0,0.0,0.12
5700022184,227.8799384277684,226.430077032493,224.52856075139803,185.11943405569014,0.0,0.0,1.1,Group 1,C,1059125.2101085,1823347.470549,B,0.0,1.1,0.0
5600394158,226.24297167005318,229.90323977827924,229.43557750327543,240.0580576914115,0.88,0.0,0.0,Group 1,A,1058910.4541085,1823565.840549,A,0.88,0.0,0.0
5700087952,222.28761267835282,227.5707603711888,223.75018740584133,633.1037876162885,0.0,0.0,0.0,Group 2,A,1059457.8491085,1822844.159549,A,0.0,0.0,0.0
6101207949,227.16218665316006,224.44578578874714,221.48511744369208,598.8341616976525,0.0,0.0,0.0,Group 1,B,1058749.0211085,1823478.470549,C,0.0,0.0,0.0
21185940,214.2924414701717,217.45180650856565,222.3461091473379,581.1797368677262,0.35,0.0,0.0,Group 2,A,1059300.3731085,1822917.919549,A,0.35,0.0,0.0
27554197,227.78854286548534,228.67468425116596,226.55901759850676,158.4047941913529,0.0,0.0,0.0,Group 2,A,1059381.4731085,1823181.067549,C,0.0,0.0,0.0
6200202042,229.4413201922504,229.0020233107361,228.5633102840502,42.30008187376272,0.0,0.0,0.0,Group 1,C,1058988.4841085,1823369.733549,C,0.0,0.0,0.0
25574346,226.0759225904583,229.90323977827924,229.43557750327543,318.6591905249444,0.0,0.0,0.0,Group 1,A,1058838.1641085,1823573.124549,A,0.0,0.0,0.0
5800847325,214.7560425106514,226.18161077018442,228.19788898985144,866.4588401288572,0.13,0.0,0.0,Group 1,A,1058247.6991085,1823863.844549,A,0.13,0.0,0.0
6200201246,214.72595799293,226.18161077018442,228.19788898985144,874.0550940168772,0.21,0.0,0.0,Group 1,A,1058239.0331085,1823866.938549,A,0.21,0.0,0.0
19178409,214.72595799293,226.18161077018442,228.19788898985144,874.0550940168772,0.09,0.0,0.0,Group 1,A,1058240.6971085,1823869.9715490001,A,0.09,0.0,0.0
6601962749,216.64670015202375,226.36371813028634,228.19788898985144,871.2718766015809,0.1,0.0,0.0,Group 1,A,1058358.6231085,1823303.0015490002,A,0.1,0.0,0.0
5700430023,229.50944059053938,228.24375786597346,229.49634243067763,99.86313443314293,0.01,0.0,0.0,Group 2,A,1059403.4791085,1823302.595549,A,0.01,0.0,0.0
29334682,221.43996021930917,222.36612299940688,225.59405002242028,251.35390581334855,0.0,0.21,0.0,Group 2,B,1059244.4211085,1823188.8195490001,C,0.0,0.0,0.21
15359236,217.21038031534576,226.18161077018442,228.19788898985144,516.3122592992271,0.17,0.0,0.0,Group 1,A,1058512.7551085,1823638.408549,A,0.17,0.0,0.0
6000068096,223.11347770789763,227.44473534515143,228.4101840718747,252.51369200429565,0.0,0.07,0.0,Group 1,B,1058713.8281085,1823457.7245490002,B,0.0,0.07,0.0
6001595842,230.0,230.0,230.0,0.0,0.0,0.19,0.0,Group 1,B,1058945.4711085,1823367.273549,C,0.0,0.0,0.19
5600394155,227.8799384277684,226.30346017152567,224.29217178401066,237.55493182827553,0.0,0.0,0.16,Group 1,C,1059177.2111085,1823338.7955490001,C,0.0,0.0,0.16
6001520655,226.0759225904583,229.90323977827924,229.43557750327543,277.9195675002115,0.91,0.0,0.0,Group 1,A,1058881.0541085,1823565.632549,A,0.91,0.0,0.0
15281730,214.31496564411657,217.45180650856565,222.3461091473379,574.9090676146906,0.05,0.0,0.0,Group 2,A,1059305.8451085,1822913.617549,A,0.05,0.0,0.0
6601962623,225.46115920868408,228.9098232514166,229.01676636521077,461.4838912493845,0.02,0.0,0.0,Group 1,A,1058638.2061085,1823167.495549,A,0.02,0.0,0.0
6200459622,214.38323032087396,217.1771609871966,221.690906694864,621.6661269811273,0.0,0.04,0.0,Group 2,B,1059376.3291085,1822859.6835490002,B,0.0,0.04,0.0
6500073137,214.03343610285083,217.45180650856565,222.3461091473379,662.5410775392628,0.54,0.0,0.0,Group 2,A,1059231.8031085,1822875.377549,A,0.54,0.0,0.0
19220999,218.2334748341976,219.91788882012668,224.37935858141202,349.7597138154148,0.0,0.78,0.0,Group 2,B,1059260.7661085,1823102.776549,B,0.0,0.78,0.0
17304121,227.47481436710993,225.46628278960242,224.8374340104654,339.52446204154364,0.4,0.0,0.0,Group 1,A,1059091.4131085,1823181.2955490001,C,0.0,0.0,0.4
6602823329,227.47481436710993,225.46628278960242,224.8374340104654,553.4420908725855,0.0,0.0,0.0,Group 1,ABC,1059080.0311085,1823008.979549,ABC,0.0,0.0,0.0
29752484,216.57194508719274,226.18161077018442,228.19788898985144,554.1619797740407,0.19,0.0,0.0,Group 1,A,1058482.0411085,1823661.871549,A,0.19,0.0,0.0
5800846214,226.24297167005318,229.90323977827924,229.43557750327543,240.0580576914115,0.18,0.0,0.0,Group 1,A,1058914.3291085,1823565.2315490001,A,0.18,0.0,0.0
6001519818,226.08052244432903,228.9098232514166,229.01676636521077,272.82678598546465,0.07,0.0,0.0,Group 1,A,1058782.9101085,1823226.034549,A,0.07,0.0,0.0
5800728429,229.1738987061616,223.39886563820102,229.49634243067763,594.7115646587175,0.0,0.0,0.0,Group 2,A,1059709.5251085,1822958.593549,A,0.0,0.0,0.0
6200460622,226.42052934938752,229.90323977827924,229.43557750327543,296.89822775416474,0.01,0.0,0.0,Group 1,A,1059055.0781085,1823542.4435490002,A,0.01,0.0,0.0
6001521530,216.8049580867402,226.36371813028634,228.19788898985144,790.627266310547,0.01,0.0,0.0,Group 1,A,1058411.1331085,1823306.948549,A,0.01,0.0,0.0
17354259,226.4190567497882,229.90323977827924,229.43557750327543,335.339527886487,0.01,0.0,0.0,Group 1,A,1059098.1561085,1823535.532549,A,0.01,0.0,0.0
6200457589,226.44972047015665,228.9098232514166,229.01676636521077,196.20228482577272,0.0,0.0,0.0,Group 1,A,1058807.1601085,1823295.431549,A,0.0,0.0,0.0
22264445,218.2334748341976,219.91788882012668,224.37935858141202,349.7597138154148,0.09,0.0,0.0,Group 2,A,1059256.6711085,1823102.198549,C,0.0,0.0,0.09
6200202559,214.3818775205648,216.9095649938923,221.690906694864,712.080653739625,0.0,0.15,0.0,Group 2,B,1059376.5601085,1822802.6395490002,B,0.0,0.15,0.0
23620533,227.8799384277684,226.29584160936994,224.28716795587633,240.71000425221456,0.0,0.19,0.0,Group 1,B,1059188.1131085,1823337.6335490001,A,0.19,0.0,0.0
6100127350,227.8799384277684,226.30346017152567,224.29217178401066,237.55493182827553,0.0,0.0,0.38,Group 1,C,1059177.6201085,1823342.848549,A,0.38,0.0,0.0
5800728445,226.22348152320765,229.90323977827924,229.43557750327543,283.54052689189535,0.11,0.0,0.0,Group 1,A,1058947.0371085,1823615.999549,A,0.11,0.0,0.0
27031714,227.16218665316006,224.45193604691312,221.48511744369208,517.7658222016627,0.08,0.08,0.08,Group 1,ABC,1058833.2321085,1823468.905549,ABC,0.08,0.08,0.08
6001594197,224.7573233518869,228.9098232514166,229.01676636521077,695.112635834789,0.05,0.0,0.0,Group 1,A,1058473.9291085,1823002.1395490002,A,0.05,0.0,0.0
29752026,225.69051921320053,228.9098232514166,229.01676636521077,390.801717951348,0.0,0.0,0.0,Group 1,A,1058710.5781085,1823171.4775490002,A,0.0,0.0,0.0
5900663018,217.28247616328215,226.18161077018442,228.19788898985144,512.3145759372851,0.0,0.14,0.0,Group 1,B,1058521.8971085,1823630.729549,B,0.0,0.14,0.0
6300791166,214.5845579344407,226.18161077018442,228.19788898985144,925.4993935455772,0.36,0.0,0.0,Group 1,A,1058208.3021085,1823897.8765490002,A,0.36,0.0,0.0
6301060068,227.8799384277684,226.29584160936994,224.28716795587633,240.71000425221456,0.0,0.0,0.0,Group 1,B,1059191.9821085,1823337.4945490002,C,0.0,0.0,0.0
6500073765,218.2334748341976,219.91788882012668,224.37935858141202,349.7597138154148,0.0,0.69,0.0,Group 2,B,1059260.3081085,1823107.924549,C,0.0,0.0,0.69
23621927,222.86773960861058,223.7398456794318,226.33493403028595,261.78406456159905,0.2,0.0,0.0,Group 2,A,1059184.2331085,1823244.050549,A,0.2,0.0,0.0
16895934,216.995601160948,219.08528840781753,223.95872352175545,411.81767268751133,0.0,0.1,0.0,Group 2,B,1059295.9351085,1823085.314549,B,0.0,0.1,0.0
6499477,225.5882443326229,227.96707218951892,223.93254127847382,423.0044135207987,0.0,0.19,0.0,Group 2,B,1059546.7471085,1823094.790549,C,0.0,0.0,0.19
17304161,222.27170800256545,227.5707603711888,223.75018740584133,635.6489652133339,0.11,0.0,0.0,Group 2,A,1059449.5781085,1822835.100549,B,0.0,0.11,0.0
18057642,214.3818775205648,216.9095649938923,221.690906694864,712.080653739625,0.0,0.19,0.0,Group 2,B,1059378.5211085,1822799.185549,B,0.0,0.19,0.0
28618292,214.3818775205648,216.83354505112635,221.690906694864,759.5915448097463,0.0,0.39,0.0,Group 2,B,1059337.9471085,1822781.574549,B,0.0,0.39,0.0
C254599,227.8799384277684,226.41088939955998,224.46251770759991,193.06552044767554,0.0,0.0,0.09,Group 1,C,1059139.3411085,1823347.804549,C,0.0,0.0,0.09
6100473425,227.88504720020157,229.90323977827924,229.48109377226763,120.54572667872637,0.0,0.0,0.2,Group 1,C,1058943.7181085,1823485.4605490002,C,0.0,0.0,0.2
6300182685,226.42052934938752,229.90323977827924,229.43557750327543,296.89822775416474,0.63,0.0,0.0,Group 1,A,1059054.4741085,1823539.6905490002,A,0.63,0.0,0.0
5600589383,229.46976880282688,229.05284057116975,228.63243288615172,40.1460670178,0.0,0.0,0.06,Group 1,C,1058976.5311085,1823362.807549,C,0.0,0.0,0.06
6100810907,216.58983579100823,226.18161077018442,228.19788898985144,552.068128537757,2.2,0.0,0.0,Group 1,A,1058488.8191085,1823654.4235490002,A,2.2,0.0,0.0
20926433,226.0555142342999,228.9098232514166,229.01676636521077,278.32352908370467,0.3,0.0,0.0,Group 1,A,1058788.6551085,1823220.152549,A,0.3,0.0,0.0
5600618595,224.58411836838522,228.9098232514166,229.01676636521077,773.718863406189,0.12,0.0,0.0,Group 1,A,1058402.3911085,1823024.6535490002,A,0.12,0.0,0.0
6201353568,214.5845579344407,226.18161077018442,228.19788898985144,925.4993935455772,0.26,0.0,0.0,Group 1,A,1058211.1631085,1823896.1365490002,A,0.26,0.0,0.0
5900663004,226.84938205582276,225.94831032909443,223.59705553972321,330.68656670622397,0.0,0.0,0.0,Group 1,A,1059206.8751085,1823424.490549,B,0.0,0.0,0.0
6200203422,226.42052934938752,229.90323977827924,229.43557750327543,296.89822775416474,0.11,0.0,0.0,Group 1,A,1059050.4171085,1823540.115549,A,0.11,0.0,0.0
6200457509,229.50944059053938,228.24375786597346,229.49634243067763,99.86313443314293,0.07,0.0,0.0,Group 2,A,1059403.8821085,1823305.7585490001,A,0.07,0.0,0.0
6200459800,214.4149387440425,217.32996091129226,221.97645946761818,572.6833848262452,0.0,0.0,0.93,Group 2,C,1059358.6161085,1822893.774549,C,0.0,0.0,0.93
5800953149,215.28352840309248,226.18161077018442,228.19788898985144,749.5398552930251,0.34,0.0,0.0,Group 1,A,1058342.1401085,1823784.279549,A,0.34,0.0,0.0
6200866423,214.3818775205648,216.83354505112635,221.690906694864,759.5915448097463,0.0,0.01,0.0,Group 2,B,1059334.3371085,1822779.8795490002,B,0.0,0.01,0.0
6200944834,214.3818775205648,216.83354505112635,221.690906694864,759.5915448097463,0.0,0.0,0.0,Group 2,B,1059336.7561085,1822785.543549,B,0.0,0.0,0.0
6300792994,223.33759632509086,227.5707603711888,223.75018740584133,515.8671289434919,0.0,0.02,0.0,Group 2,B,1059557.6011085,1822886.228549,B,0.0,0.02,0.0
6700029208,222.5240320899556,227.5707603711888,223.75018740584133,595.2707077919729,0.0,0.0,0.0,Group 2,A,1059486.4861085,1822852.594549,A,0.0,0.0,0.0
5700851929,222.86773960861058,223.7398456794318,226.33493403028595,261.78406456159905,0.09,0.0,0.0,Group 2,A,1059187.3151085,1823239.820549,A,0.09,0.0,0.0
5901232706,216.54405340749688,226.36371813028634,228.19788898985144,951.1414459331198,0.24,0.0,0.0,Group 1,A,1058295.6501085,1823351.600549,A,0.24,0.0,0.0
5600160112,216.96844002930663,226.36371813028634,228.19788898985144,708.9861568290609,1.02,0.0,0.0,Group 1,A,1058452.5571085,1823378.997549,A,1.02,0.0,0.0
6500626479,215.54332031895458,226.18161077018442,228.19788898985144,705.4771265627052,0.0,0.0,0.0,Group 1,A,1058370.9061085,1823754.421549,A,0.0,0.0,0.0
5901232708,216.5835468152653,226.36371813028634,228.19788898985144,911.7019924251198,0.14,0.0,0.0,Group 1,A,1058328.3521085,1823327.922549,A,0.14,0.0,0.0
6600381305,226.61883422202087,229.90323977827924,229.43557750327543,203.5029667277378,0.0,0.0,0.0,Group 1,A,1058947.8171085,1823554.8185490002,A,0.0,0.0,0.0
5901232707,216.54405340749688,226.36371813028634,228.19788898985144,951.1414459331198,0.01,0.0,0.0,Group 1,A,1058302.7991085,1823346.864549,A,0.01,0.0,0.0
5700214300,214.05114549165154,217.45180650856565,222.3461091473379,654.448401838305,0.26,0.0,0.0,Group 2,A,1059238.3851085,1822881.9475490001,A,0.26,0.0,0.0
6200460449,226.12478047066065,228.17410183549615,224.2508412871618,288.5735414149722,0.02,0.0,0.0,Group 2,A,1059448.6661085,1823066.121549,B,0.0,0.02,0.0
30298871,229.1738987061616,223.39886563820102,229.49634243067763,592.3943281581975,0.18,0.0,0.0,Group 2,A,1059702.3171085,1822952.358549,B,0.0,0.18,0.0
6700171568,227.6259856148998,225.7492654065914,224.8374340104654,240.40927681689848,0.0,0.0,0.0,Group 1,A,1059090.0211085,1823278.273549,C,0.0,0.0,0.0
20104136,214.3818775205648,217.17097585232986,221.690906694864,623.7559176404669,0.07,0.0,0.0,Group 2,A,1059387.3641085,1822845.201549,B,0.0,0.07,0.0
6000067383,221.7318379895251,222.36043373609706,225.5820860827883,331.9104149922436,0.0,0.0,0.0,Group 2,A,1059164.6521085,1823181.990549,C,0.0,0.0,0.0
5800584811,227.24649019839885,228.46300084312907,225.71981640289002,259.6420118046684,0.0,0.0,0.0,Group 2,B,1059444.7951085,1823183.260549,C,0.0,0.0,0.0
9642000017,227.47481436710993,225.46628278960242,224.8374340104654,339.52446204154364,0.0,0.0,0.0,Group 1,A,1059086.7611085,1823181.2955490001,C,0.0,0.0,0.0
6400040386,219.36503129608639,220.7818785960248,224.7824805561998,315.0296612716357,0.0,0.0,0.0,Group 2,ABC,1059249.6261085,1823135.380549,ABC,0.0,0.0,0.0
5700088089,224.33295500812542,227.9135603862833,228.50254007463403,202.30320425078858,0.0,0.0,0.0,Group 1,B,1058753.5071085,1823426.2345490002,C,0.0,0.0,0.0
6700171640,229.64584433452575,229.90323977827924,229.86751276460038,7.7069773517344995,0.0,0.0,0.0,Group 1,A,1058937.1821085,1823371.848549,C,0.0,0.0,0.0
6200455788,228.32406861681406,228.85478984312894,227.39914189842702,117.620957658851,0.0,0.2,0.0,Group 2,B,1059358.9241085,1823222.297549,C,0.0,0.0,0.2
6200457510,228.32406861681406,228.85478984312894,227.39914189842702,117.620957658851,0.0,0.08,0.0,Group 2,B,1059362.4851085,1823224.033549,B,0.0,0.08,0.0
21580162,227.24649019839885,228.46558747637283,225.71981640289002,231.76367742944893,0.0,0.0,0.0,Group 2,B,1059424.4931085,1823170.100549,C,0.0,0.0,0.0
5900992690,227.24649019839885,228.46300084312907,225.71981640289002,259.6420118046684,0.0,0.01,0.0,Group 2,B,1059450.1951085,1823181.674549,A,0.01,0.0,0.0
6499470,224.4371614961035,225.04081900389065,227.02385373686192,161.7372400478094,0.0,0.02,0.0,Group 2,B,1059226.9561085,1823291.225549,C,0.0,0.0,0.02
6100473669,221.7318379895251,222.40227263811056,225.62649273012227,290.6632422768113,0.0,0.78,0.0,Group 2,B,1059197.0891085,1823188.902549,C,0.0,0.0,0.78
23267939,224.54333978795958,227.81874580184606,223.76949087291396,417.285815940136,0.0,0.0,0.12,Group 2,C,1059513.6001085,1822965.4405490002,C,0.0,0.0,0.12
5801011903,224.54333978795958,227.81874580184606,223.76949087291396,417.285815940136,0.0,0.0,0.07,Group 2,C,1059517.1351085,1822967.4545490001,C,0.0,0.0,0.07
6499492,222.5240320899556,227.5707603711888,223.75018740584133,595.2707077919729,0.12,0.0,0.0,Group 2,A,1059481.3021085,1822854.253549,B,0.0,0.12,0.0
5800300279,222.0716898834156,227.5707603711888,223.75018740584133,670.0184464576339,1.07,0.0,0.0,Group 2,A,1059423.1571085,1822823.855549,B,0.0,1.07,0.0
6499472,214.172343228574,217.09768104012497,222.3461091473379,618.557858448538,0.0,0.22,0.0,Group 2,B,1059406.9251085,1822987.000549,B,0.0,0.22,0.0
6200459904,214.3818775205648,217.17097585232986,221.690906694864,623.7559176404669,0.0,0.0,0.0,Group 2,C,1059382.7141085,1822846.855549,C,0.0,0.0,0.0
22938771,218.53106706209027,226.32672455958513,228.19788898985144,443.08471246987693,0.0,0.51,0.0,Group 1,B,1058565.5611085,1823588.4035490002,B,0.0,0.51,0.0
19503320,220.40593806092562,226.7329407197633,228.2237260188275,364.01107121141183,0.0,0.0,0.16,Group 1,C,1058626.1821085,1823536.747549,B,0.0,0.16,0.0
6499486,227.16218665316006,224.44578578874714,221.48511744369208,520.7130341044258,0.0,0.2,0.0,Group 1,B,1058819.3421085,1823473.0155490001,B,0.0,0.2,0.0
6499444,227.16218665316006,224.44578578874714,221.48511744369208,520.7130341044258,0.0,0.09,0.0,Group 1,B,1058814.8281085,1823469.513549,B,0.0,0.09,0.0
6001596226,227.24165382103973,225.07560588373016,222.02377097688964,354.81651381658764,0.0,0.23,0.0,Group 1,B,1058991.4601085,1823446.779549,B,0.0,0.23,0.0
5600160513,227.42450013004333,226.0284578310922,223.8061555343226,220.26115500600014,0.0,0.0,0.18,Group 1,C,1059098.4001085,1823412.5185490001,B,0.0,0.18,0.0
B382353,221.7318379895251,222.32526684109936,225.5820860827883,366.58005807883825,0.0,0.0,0.0,Group 2,B,1059132.4891085,1823173.2005490002,C,0.0,0.0,0.0
5800729053,214.172343228574,217.0721425974977,222.3461091473379,654.0658510004704,0.0,0.0,0.0,Group 2,B,1059431.9491085,1823004.7515490002,A,0.0,0.0,0.0
6200457707,227.23913393718374,225.0612648873488,222.00032131148794,357.566612360211,0.0,0.0,0.19,Group 1,C,1058972.1191085,1823448.992549,C,0.0,0.0,0.19
5901232420,221.59061271684138,226.98358253687545,228.30531483777497,315.22272815760545,0.0,0.58,0.0,Group 1,B,1058659.8041085,1823507.6095490002,C,0.0,0.0,0.58
5600169886,226.84938205582276,225.94831032909443,223.59705553972321,330.68656670622397,0.4,0.0,0.0,Group 1,A,1059207.7811085,1823429.8425490002,B,0.0,0.4,0.0
6200565709,215.1286211356,217.99637710390192,222.77760863916976,488.0309236123329,0.0,0.0,0.09,Group 2,C,1059317.0951085,1822965.142549,B,0.0,0.09,0.0
6500046758,227.58292542219172,225.5635976383304,224.8374340104654,268.6414945121985,0.0,0.33,0.0,Group 1,B,1059089.9511085,1823255.534549,B,0.0,0.33,0.0
23479153,228.79777847365588,229.0961369159058,228.15493904017387,81.54626297319464,0.0,0.0,0.17,Group 2,C,1059345.2351085,1823251.343549,C,0.0,0.0,0.17
28838446,226.1776689550356,228.18941840239532,224.27520568563693,284.29598368464605,0.0,0.0,0.9,Group 2,C,1059447.7021085,1823076.6835490002,C,0.0,0.0,0.9
5800846564,227.24649019839885,228.46300084312907,225.71981640289002,259.6420118046684,0.0,0.0,0.0,Group 2,B,1059447.8791085,1823185.176549,C,0.0,0.0,0.0
17278581,222.76842506952377,223.55076762468406,226.23480645077484,210.5914526501223,0.0,0.14,0.0,Group 2,B,1059236.6301085,1823232.330549,C,0.0,0.0,0.14
90039618,216.92957514063875,218.9620840051614,223.95872352175545,436.10191885661135,0.0,0.16,0.0,Group 2,B,1059308.2531085,1823090.5965490001,B,0.0,0.16,0.0
C691491,215.87000625065963,218.63304644649787,223.39314399454597,434.72971939301294,0.23,0.0,0.0,Group 2,A,1059288.5001085,1823022.159549,C,0.0,0.0,0.23
6499458,223.33759632509086,227.5707603711888,223.75018740584133,515.8671289434919,0.0,0.56,0.0,Group 2,B,1059555.7351085,1822889.813549,A,0.56,0.0,0.0
17900800,222.8516815270636,227.5707603711888,223.75018740584133,557.3910917611789,0.08,0.0,0.0,Group 2,A,1059519.4101085,1822871.932549,A,0.08,0.0,0.0
5900535513,224.2109878525936,227.86667163985769,228.48575462878324,207.32483333319564,0.0,0.0,0.13,Group 1,C,1058746.9071085,1823436.5015490002,C,0.0,0.0,0.13
20924290,227.99674241166613,229.25541523529887,229.2912796557941,62.05310633091725,0.0,0.0,0.18,Group 1,C,1058876.1361085,1823376.419549,B,0.0,0.18,0.0
5800300280,228.9147008668883,228.06134895351795,227.28380476818282,82.17449597615243,0.0,0.5,0.0,Group 1,B,1059024.4501085,1823361.407549,B,0.0,0.5,0.0
C616861,227.1747285673959,224.55031232043737,221.5074246001006,476.70666001276373,0.0,0.0,0.18,Group 1,C,1058866.6131085,1823463.1535490002,A,0.18,0.0,0.0
D485066,227.27218130925988,225.29556402028473,222.33649327758806,321.5001036706876,0.0,0.0,0.18,Group 1,C,1059016.0671085,1823447.3055490002,C,0.0,0.0,0.18
5800729066,219.53728492746376,226.54914724582738,228.19788898985144,399.78779398348564,0.0,0.0,0.19,Group 1,C,1058598.7661085,1823562.341549,B,0.0,0.19,0.0
28475139,222.54643752836898,227.5707603711888,223.75018740584133,592.4574132820301,0.19,0.0,0.0,Group 2,A,1059493.5701085,1822860.4575490002,B,0.0,0.19,0.0
27755152,222.0716898834156,227.5707603711888,223.75018740584133,670.0184464576339,0.16,0.0,0.0,Group 2,A,1059432.3381085,1822825.845549,A,0.16,0.0,0.0
6100123997,214.4149387440425,217.32996091129226,221.97645946761818,572.6833848262452,0.16,0.0,0.0,Group 2,A,1059362.6841085,1822891.5215490002,C,0.0,0.0,0.16
5901163264,228.37557512847727,229.37769177969798,229.41202126905432,49.5680774089345,0.0,0.0,0.32,Group 1,C,1058895.0691085,1823378.1465490002,C,0.0,0.0,0.32
6001595840,226.038851977756,226.46871862203244,227.78872822036885,115.16171066387899,0.0,0.0,0.3,Group 2,C,1059224.6751085,1823335.296549,B,0.0,0.3,0.0
6001596876,226.85742310663628,228.3862718573242,225.14910356618327,229.31991985014895,0.2,0.0,0.0,Group 2,A,1059415.5301085,1823119.492549,B,0.0,0.2,0.0
6100473441,227.6893305746189,226.10269901603945,224.8374340104654,202.26678502556427,0.1,0.0,0.0,Group 1,A,1059095.5371085,1823319.4675490002,B,0.0,0.1,0.0
5800301147,216.92957514063875,218.81582041803836,223.95872352175545,502.82006199871137,0.0,0.0,0.0,Group 2,A,1059364.9571085,1823134.632549,C,0.0,0.0,0.0
6201353713,228.79777847365588,229.0961369159058,228.15493904017387,81.54626297319464,0.0,0.0,0.27,Group 2,C,1059343.1951085,1823255.273549,B,0.0,0.27,0.0
6300602043,229.29501980896327,224.01575601833432,229.49634243067763,414.60294807788273,0.0,0.0,0.0,Group 2,B,1059592.0421085,1823055.348549,A,0.0,0.0,0.0
23482324,227.27508178755505,225.31646287044737,222.38139512852442,318.33464872709357,0.0,0.0,0.02,Group 1,C,1059025.5731085,1823442.1505490001,C,0.0,0.0,0.02
6300249262,228.27992095552992,228.83994249162996,227.32870587880603,120.98302874683816,0.0,0.0,0.05,Group 2,C,1059369.9411085,1823206.796549,A,0.05,0.0,0.0
6200457511,228.32406861681406,228.85478984312894,227.39914189842702,117.620957658851,0.0,0.25,0.0,Group 2,B,1059364.2211085,1823220.472549,C,0.0,0.0,0.25
17352642,226.71225648406485,228.34423296150953,224.92299614773083,241.0602171957984,0.0,0.0,0.26,Group 2,C,1059420.8541085,1823106.755549,A,0.26,0.0,0.0
6200454208,226.1776689550356,228.18941840239532,224.27520568563693,284.29598368464605,0.0,0.0,0.35,Group 2,C,1059444.4641085,1823074.380549,C,0.0,0.0,0.35
5600394150,226.1776689550356,228.18941840239532,224.27520568563693,284.29598368464605,0.0,0.0,1.13,Group 2,C,1059445.3651085,1823079.989549,C,0.0,0.0,1.13
5600394154,225.67254464605327,226.14215870163738,227.60409989021755,125.8130433555094,0.0,0.0,0.31,Group 2,C,1059220.2551085,1823317.1195490002,C,0.0,0.0,0.31
17172153,224.4371614961035,225.04081900389065,227.02385373686192,161.7372400478094,0.0,0.0,0.0,Group 2,B,1059223.5271085,1823286.773549,C,0.0,0.0,0.0
C691151,221.7318379895251,222.32526684109936,225.5820860827883,366.58005807883825,0.0,0.26,0.0,Group 2,B,1059129.2341085,1823172.485549,B,0.0,0.26,0.0
5700852015,227.67956227148153,226.07475802390576,224.8374340104654,205.282130445118,0.16,0.0,0.0,Group 1,A,1059096.6561085,1823309.608549,A,0.16,0.0,0.0
6499457,222.8516815270636,227.5707603711888,223.75018740584133,557.3910917611789,0.42,0.0,0.0,Group 2,A,1059515.8261085,1822870.115549,A,0.42,0.0,0.0
5800728430,222.8516815270636,227.5707603711888,223.75018740584133,557.3910917611789,0.13,0.0,0.0,Group 2,A,1059517.5441085,1822866.4815490001,B,0.0,0.13,0.0
5600440627,222.5240320899556,227.5707603711888,223.75018740584133,595.2707077919729,0.06,0.0,0.0,Group 2,A,1059483.0701085,1822850.668549,B,0.0,0.06,0.0
20017883,227.1747285673959,224.55031232043737,221.5074246001006,476.70666001276373,0.0,0.0,0.13,Group 1,C,1058870.5211085,1823462.5655490002,C,0.0,0.0,0.13
30298936,227.18690937102315,224.6479373640076,221.66201683233191,436.82972725464873,0.0,0.0,0.1,Group 1,C,1058906.5951085,1823458.249549,C,0.0,0.0,0.1
6200457914,227.18690937102315,224.6479373640076,221.66201683233191,436.82972725464873,0.0,0.08,0.0,Group 1,B,1058910.5611085,1823457.834549,C,0.0,0.0,0.08
6500768854,227.23913393718374,225.0612648873488,222.00032131148794,357.566612360211,0.0,0.0,0.79,Group 1,C,1058977.2431085,1823452.901549,B,0.0,0.79,0.0
B908204,227.1715226610847,225.94831032909443,223.59846581099143,262.7161591758788,0.0,0.0,0.09,Group 1,C,1059137.5681085,1823428.392549,B,0.0,0.09,0.0
25359395,224.4371614961035,225.04081900389065,227.02385373686192,161.7372400478094,0.0,0.02,0.0,Group 2,B,1059222.6011085,1823292.0655490002,C,0.0,0.0,0.02
6001595288,224.50252430040928,227.8103886701078,223.76318080999786,420.60798179991133,0.0,0.0,0.13,Group 2,C,1059521.4051085,1822954.4605490002,C,0.0,0.0,0.13
28144007,227.3112669519783,225.57719092828418,222.94466627673052,278.84381048575875,0.0,0.15,0.0,Group 1,B,1059053.8811085,1823441.127549,B,0.0,0.15,0.0
28838113,228.37557512847727,229.37769177969798,229.41202126905432,49.5680774089345,0.0,0.24,0.0,Group 1,B,1058894.4101085,1823374.8635490001,B,0.0,0.24,0.0
5700214747,227.51277576140504,225.46628278960242,224.8374340104654,314.63501648704363,0.0,0.12,0.0,Group 1,B,1059087.2551085,1823196.4305490002,C,0.0,0.0,0.12
27554380,227.27218130925988,225.29556402028473,222.33649327758806,321.5001036706876,0.0,0.0,0.34,Group 1,C,1059012.3271085,1823447.3055490002,C,0.0,0.0,0.34
5900535414,227.15067458201477,225.94831032909443,223.59705553972321,266.3517010886788,0.0,0.0,0.1,Group 1,C,1059148.0191085,1823428.3055490002,C,0.0,0.0,0.1
6100810862,227.60585305161212,226.23545038061349,224.25948742109352,193.44071503719013,0.15,0.0,0.0,Group 1,A,1059099.3761085,1823385.6705490001,C,0.0,0.0,0.15
5900992765,226.12478047066065,228.17410183549615,224.2508412871618,288.5735414149722,0.0,0.0,0.03,Group 2,C,1059451.1331085,1823068.0995490002,A,0.03,0.0,0.0
5600160239,229.37288570190546,225.11095109055123,229.49634243067763,300.3060227942824,0.0,1.21,0.0,Group 2,B,1059526.1631085,1823141.492549,B,0.0,1.21,0.0
6600600217,226.9207419804421,225.94831032909443,223.59705553972321,306.44836567982395,0.73,0.0,0.0,Group 1,A,1059183.3011085,1823427.097549,B,0.0,0.73,0.0
6200201431,221.7318379895251,222.40227263811056,225.62649273012227,290.6632422768113,0.0,0.0,0.23,Group 2,C,1059197.9481085,1823185.776549,C,0.0,0.0,0.23
6300249319,227.8799384277684,226.29584160936994,224.2294215093493,277.1210687518411,0.0,0.0,0.1,Group 1,C,1059211.7341085,1823338.110549,C,0.0,0.0,0.1
6602693694,229.26574148449967,223.64549509765303,229.49634243067763,457.57988303821276,0.0,0.58,0.0,Group 2,B,1059614.4891085,1823014.168549,B,0.0,0.58,0.0
18057653,228.32406861681406,228.85478984312894,227.39914189842702,117.620957658851,0.0,0.07,0.0,Group 2,B,1059360.7051085,1823218.6465490002,C,0.0,0.0,0.07
6499545,226.63644007713916,228.32227710085527,224.8280795201623,247.1918963296784,0.0,0.0,0.15,Group 2,C,1059426.3831085,1823105.858549,A,0.15,0.0,0.0
6499534,216.89820897867844,219.13356531367918,223.87946031436476,392.82893108301295,0.0,0.23,0.0,Group 2,B,1059270.7711085,1823053.4435490002,A,0.23,0.0,0.0
6602856559,216.92957514063875,218.81582041803836,223.95872352175545,469.0473139484947,0.0,0.1,0.0,Group 2,B,1059334.8491085,1823113.289549,C,0.0,0.0,0.1
6100249126,216.92957514063875,218.81582041803836,223.95872352175545,502.82006199871137,0.0,0.0,0.0,Group 2,A,1059367.0161085,1823131.311549,C,0.0,0.0,0.0
6500626590,227.6259856148998,225.7492654065914,224.8374340104654,240.40927681689848,0.0,0.7,0.0,Group 1,B,1059090.9171085,1823273.787549,B,0.0,0.7,0.0
6001596092,227.58292542219172,225.5635976383304,224.8374340104654,268.6414945121985,0.0,0.17,0.0,Group 1,B,1059093.4751085,1823256.084549,A,0.17,0.0,0.0
27199709,227.51277576140504,225.46628278960242,224.8374340104654,314.63501648704363,0.0,0.17,0.0,Group 1,B,1059087.6561085,1823199.458549,B,0.0,0.17,0.0
24678809,214.172343228574,217.0721425974977,222.3461091473379,654.0658510004704,0.0,0.0,0.0,Group 2,B,1059432.0201085,1823010.965549,A,0.0,0.0,0.0
5800728432,214.172343228574,217.09768104012497,222.3461091473379,618.557858448538,0.0,0.0,0.0,Group 2,B,1059401.3271085,1822987.9335490002,A,0.0,0.0,0.0
23350484,229.24131358871557,223.44226872166323,229.49634243067763,493.43707296682226,0.0,0.0,0.0,Group 2,B,1059634.0541085,1822985.2715490002,A,0.0,0.0,0.0
17237025,229.24131358871557,223.44226872166323,229.49634243067763,493.43707296682226,0.0,0.13,0.0,Group 2,B,1059631.6961085,1822988.5485490002,A,0.13,0.0,0.0
23267942,220.40593806092562,226.7329407197633,228.2237260188275,364.01107121141183,0.0,0.0,0.09,Group 1,C,1058628.7771085,1823539.814549,B,0.0,0.09,0.0
23570246,228.8588622245555,227.97045300388322,227.15039931045368,86.40257189790074,0.0,0.17,0.0,Group 1,B,1059035.3331085,1823360.093549,B,0.0,0.17,0.0
22117420,228.8588622245555,227.97045300388322,227.15039931045368,86.40257189790074,0.0,0.18,0.0,Group 1,B,1059034.8451085,1823356.1535490002,C,0.0,0.0,0.18
6100127351,227.16218665316006,224.44578578874714,221.48511744369208,520.7130341044258,0.0,0.25,0.0,Group 1,B,1058818.9011085,1823468.9435490002,B,0.0,0.25,0.0
20258236,227.35223042172896,229.90323977827924,229.43557750327543,154.69393022619067,0.0,0.0,0.23,Group 1,C,1058948.9861085,1823519.269549,C,0.0,0.0,0.23
6499494,214.172343228574,217.16849389647663,222.3461091473379,591.290769421838,0.69,0.0,0.0,Group 2,A,1059387.1361085,1822974.1195490002,B,0.0,0.69,0.0
5800061086,215.15166592970277,218.0168503521934,222.79443147474197,486.3168816059807,0.0,0.0,0.0,Group 2,C,1059308.2741085,1822977.872549,C,0.0,0.0,0.0
5901232691,227.3112669519783,225.57719092828418,222.94466627673052,278.84381048575875,0.0,0.04,0.0,Group 1,B,1059053.3721085,1823437.154549,C,0.0,0.0,0.04
5900992253,214.2465124122281,217.20084912429127,222.3461091473379,578.8321720425303,0.0,0.26,0.0,Group 2,B,1059374.1071085,1822968.705549,B,0.0,0.26,0.0
20503321,215.15166592970277,218.0168503521934,222.79443147474197,486.3168816059807,0.0,0.0,0.11,Group 2,C,1059313.3511085,1822975.685549,C,0.0,0.0,0.11
6200459627,227.1715226610847,225.94831032909443,223.59846581099143,262.7161591758788,0.0,0.0,0.13,Group 1,C,1059137.8961085,1823431.611549,B,0.0,0.13,0.0
5800728440,225.98933085621815,228.55557786123683,228.74601231052245,134.1117016374255,0.08,0.0,0.0,Group 1,A,1058802.7991085,1823397.8625490002,C,0.0,0.0,0.08
6499516,229.40788201754705,225.8447921089734,229.49634243067763,248.93625988848243,0.0,0.47,0.0,Group 2,B,1059498.5901085,1823188.066549,B,0.0,0.47,0.0
6499525,227.34545843628095,228.52566429172532,225.864991940428,192.14993630433895,0.0,0.0,0.24,Group 2,C,1059396.0571085,1823154.668549,B,0.0,0.24,0.0
28838367,227.34545843628095,228.52566429172532,225.864991940428,192.14993630433895,0.0,0.0,0.1,Group 2,C,1059394.1431085,1823158.097549,C,0.0,0.0,0.1
28838447,216.92957514063875,218.81582041803836,223.95872352175545,469.0473139484947,0.0,0.44,0.0,Group 2,B,1059336.7491085,1823109.7275490002,C,0.0,0.0,0.44
22322815,227.67956227148153,226.07475802390576,224.8374340104654,205.282130445118,0.27,0.0,0.0,Group 1,A,1059096.2111085,1823305.6465490002,C,0.0,0.0,0.27
5900690773,227.58292542219172,225.5635976383304,224.8374340104654,268.6414945121985,0.0,0.42,0.0,Group 1,B,1059093.0081085,1823252.111549,B,0.0,0.42,0.0
6499510,214.172343228574,217.09768104012497,222.3461091473379,618.557858448538,0.0,0.02,0.0,Group 2,B,1059403.6841085,1822984.692549,A,0.02,0.0,0.0
6499549,214.172343228574,217.09768104012497,222.3461091473379,618.557858448538,0.0,0.23,0.0,Group 2,B,1059404.5681085,1822990.340549,B,0.0,0.23,0.0
6001520688,214.41628040577436,217.30451563910134,222.3461091473379,550.3156380316302,0.0,1.14,0.0,Group 2,B,1059355.7041085,1822949.137549,B,0.0,1.14,0.0
21715352,214.3818775205648,217.17097585232986,221.690906694864,623.7559176404669,0.09,0.0,0.0,Group 2,A,1059386.2491085,1822848.6975490001,A,0.09,0.0,0.0
5901232694,229.26574148449967,223.64549509765303,229.49634243067763,457.57988303821276,0.0,0.13,0.0,Group 2,B,1059617.4061085,1823016.982549,A,0.13,0.0,0.0
22938784,229.24131358871557,223.44226872166323,229.49634243067763,493.43707296682226,0.0,1.11,0.0,Group 2,B,1059637.3691085,1822987.591549,A,1.11,0.0,0.0
28838309,217.88211508496815,226.21221132955074,228.19788898985144,479.0658286826851,0.0,0.47,0.0,Group 1,B,1058537.7891085,1823611.246549,B,0.0,0.47,0.0
6499512,227.24165382103973,225.07560588373016,222.02377097688964,354.81651381658764,0.0,0.0,0.22,Group 1,C,1058988.1391085,1823451.310549,B,0.0,0.22,0.0
C253788,227.23913393718374,225.0612648873488,222.00032131148794,357.566612360211,0.0,0.0,0.11,Group 1,C,1058976.6901085,1823448.958549,B,0.0,0.11,0.0
6001522978,227.27218130925988,225.29556402028473,222.33649327758806,321.5001036706876,0.0,0.0,0.63,Group 1,C,1059015.4791085,1823443.2585490001,C,0.0,0.0,0.63
19414453,227.58500847161312,226.21470926724606,224.21406213426127,196.12816178100013,0.16,0.0,0.0,Group 1,A,1059102.3921085,1823398.6945490001,A,0.16,0.0,0.0
5800847321,226.61883422202087,229.90323977827924,229.43557750327543,203.5029667277378,0.46,0.0,0.0,Group 1,A,1058948.4891085,1823558.6705490001,A,0.46,0.0,0.0
24643203,227.24649019839885,228.46398647159194,225.71981640289002,233.68052692801683,0.0,0.06,0.0,Group 2,B,1059433.9651085,1823172.141549,C,0.0,0.0,0.06
29501846,223.42808093100388,227.5938629130373,223.75018740584133,536.8683767544188,0.1,0.0,0.0,Group 2,A,1059599.2281085,1822910.0525490001,B,0.0,0.1,0.0
5600588407,227.24165382103973,225.07560588373016,222.02377097688964,354.81651381658764,0.0,0.13,0.0,Group 1,B,1058992.1741085,1823450.2755490001,C,0.0,0.0,0.13
6499474,227.5008346598463,229.90323977827924,229.4438587341693,145.16973907936068,0.0,0.0,0.17,Group 1,C,1058945.0781085,1823514.1295490002,C,0.0,0.0,0.17
24272623,214.172343228574,217.16849389647663,222.3461091473379,591.290769421838,0.68,0.0,0.0,Group 2,A,1059382.4201085,1822978.918549,A,0.68,0.0,0.0
6200455793,228.27992095552992,228.83994249162996,227.32870587880603,120.98302874683816,0.0,0.0,0.05,Group 2,C,1059368.0381085,1823211.774549,C,0.0,0.0,0.05
30298937,227.18690937102315,224.6479373640076,221.66201683233191,436.82972725464873,0.0,0.24,0.0,Group 1,B,1058907.3591085,1823462.0625490001,C,0.0,0.0,0.24
6300342696,227.8799384277684,226.29584160936994,224.2294215093493,277.1210687518411,0.0,0.0,0.31,Group 1,C,1059215.5341085,1823334.831549,B,0.0,0.31,0.0
5800728438,227.73360622738534,226.211442213625,224.8374340104654,190.5314675181268,0.29,0.0,0.0,Group 1,A,1059096.3011085,1823323.003549,B,0.0,0.29,0.0
6001596396,214.42158376034192,217.34020900992098,222.00754938687274,569.3981974647655,0.0,0.0,0.0,Group 2,A,1059358.0021085,1822903.4035490002,C,0.0,0.0,0.0
6499447,220.5253242402696,221.66779014447923,225.1958141944509,279.42105333514854,0.0,0.0,0.26,Group 2,C,1059247.8811085,1823172.283549,C,0.0,0.0,0.26
5600394153,216.92957514063875,218.81582041803836,223.95872352175545,469.0473139484947,0.0,0.0,0.0,Group 2,B,1059340.2511085,1823111.864549,C,0.0,0.0,0.0
16501071,227.67956227148153,226.07475802390576,224.8374340104654,205.282130445118,0.02,0.0,0.0,Group 1,A,1059092.6051085,1823310.054549,C,0.0,0.0,0.02
24643153,227.58292542219172,225.5635976383304,224.8374340104654,268.6414945121985,0.0,0.24,0.0,Group 1,B,1059088.9681085,1823252.578549,C,0.0,0.0,0.24
6200460793,225.5882443326229,227.9904992292033,223.93254127847382,390.59762913703094,0.0,0.0,0.0,Group 2,A,1059520.2291085,1823076.132549,C,0.0,0.0,0.0
25574964,225.5882443326229,228.01219700887148,223.93254127847382,360.58299884184976,0.0,0.0,0.18,Group 2,C,1059495.3311085,1823059.7785490002,C,0.0,0.0,0.18
28468006,214.38323032087396,217.1771609871966,221.690906694864,621.6661269811273,0.0,0.0,0.28,Group 2,C,1059377.5201085,1822856.5795490001,A,0.28,0.0,0.0
5600394144,229.20669676362036,223.39886563820102,229.49634243067763,544.2505012943096,0.0,0.22,0.0,Group 2,B,1059666.5061085,1822946.4775490002,A,0.22,0.0,0.0
6200460257,217.88211508496815,226.21221132955074,228.19788898985144,479.0658286826851,0.0,0.12,0.0,Group 1,B,1058540.3841085,1823614.273549,B,0.0,0.12,0.0
20001748,226.08041398507683,228.5902087558775,228.7589898479117,130.47700261268727,0.0,0.0,0.39,Group 1,C,1058821.3661085,1823392.259549,C,0.0,0.0,0.39
17304716,226.08041398507683,228.5902087558775,228.7589898479117,130.47700261268727,0.12,0.0,0.0,Group 1,A,1058817.5641085,1823393.4105490001,B,0.0,0.12,0.0
22323601,227.99674241166613,229.25541523529887,229.2912796557941,62.05310633091725,0.0,0.0,0.19,Group 1,C,1058880.5261085,1823379.9475490001,B,0.0,0.19,0.0
6499443,228.11799805891235,226.83917291972654,225.38046252021607,142.50230968675424,0.0,0.0,0.17,Group 1,C,1059084.8821085,1823354.479549,A,0.17,0.0,0.0
6001523790,227.1971125276635,224.82211754114846,221.80458182703507,403.4271521891487,0.16,0.0,0.0,Group 1,A,1058935.4651085,1823458.848549,C,0.0,0.0,0.16
27755251,227.58500847161312,226.21470926724606,224.21406213426127,196.12816178100013,0.07,0.0,0.0,Group 1,A,1059098.2421085,1823394.8895490002,A,0.07,0.0,0.0
24679780,229.1419352749354,229.90323977827924,229.66378416531634,39.997777133848544,0.0,0.0,0.18,Group 1,C,1058936.7071085,1823405.355549,C,0.0,0.0,0.18
6499439,227.18690937102315,224.6479373640076,221.66201683233191,436.82972725464873,0.0,0.26,0.0,Group 1,B,1058911.1231085,1823461.880549,B,0.0,0.26,0.0
24679702,214.4149387440425,217.32996091129226,221.97645946761818,572.6833848262452,0.09,0.0,0.0,Group 2,A,1059361.1661085,1822896.537549,B,0.0,0.09,0.0
6200460256,226.08041398507683,228.5902087558775,228.7589898479117,130.47700261268727,0.0,0.0,0.72,Group 1,C,1058819.4601085,1823385.8225490001,C,0.0,0.0,0.72
5600618463,221.7318379895251,222.36043373609706,225.5820860827883,331.9104149922436,0.0,0.0,0.28,Group 2,C,1059165.9331085,1823179.159549,C,0.0,0.0,0.28
6602856539,230.0,230.0,229.5044962563356,44.2909463659,0.0,0.0,1.19,Group 2,C,1059369.5921085,1823318.013549,C,0.0,0.0,1.19
27512158,215.8111964441152,218.60278235821244,223.36373863713044,437.263326505325,2.43,0.0,0.0,Group 2,A,1059295.8891085,1823012.901549,A,2.43,0.0,0.0
5800300542,227.6893305746189,226.10269901603945,224.8374340104654,202.26678502556427,0.04,0.0,0.0,Group 1,A,1059093.2921085,1823319.970549,C,0.0,0.0,0.04
5800953189,214.172343228574,217.16849389647663,222.3461091473379,591.290769421838,0.08,0.0,0.0,Group 2,A,1059390.6421085,1822972.864549,B,0.0,0.08,0.0
6100473372,223.33759632509086,227.5707603711888,223.75018740584133,515.8671289434919,0.0,0.08,0.0,Group 2,B,1059553.3371085,1822888.1435490001,A,0.08,0.0,0.0
6101018318,215.15166592970277,218.0168503521934,222.79443147474197,486.3168816059807,0.0,0.0,0.35,Group 2,C,1059313.9071085,1822974.922549,B,0.0,0.35,0.0
30299226,229.29501980896327,224.01575601833432,229.49634243067763,414.60294807788273,0.0,0.23,0.0,Group 2,B,1059593.5761085,1823051.891549,B,0.0,0.23,0.0
6200458504,229.26574148449967,223.64549509765303,229.49634243067763,457.57988303821276,0.0,0.05,0.0,Group 2,B,1059612.2991085,1823017.961549,B,0.0,0.05,0.0
17900844,216.92957514063875,218.9620840051614,223.95872352175545,436.10191885661135,0.19,0.0,0.0,Group 2,A,1059309.6541085,1823096.172549,A,0.19,0.0,0.0
27755419,227.51277576140504,225.46628278960242,224.8374340104654,314.63501648704363,0.0,0.26,0.0,Group 1,B,1059091.6921085,1823199.280549,C,0.0,0.0,0.26
5600394149,225.5882443326229,228.01219700887148,223.93254127847382,360.58299884184976,0.0,0.0,0.5,Group 2,C,1059497.7371085,1823056.4885490001,C,0.0,0.0,0.5
5800728431,224.54333978795958,227.81874580184606,223.76949087291396,417.285815940136,0.0,0.0,0.01,Group 2,C,1059515.6621085,1822961.9545490001,C,0.0,0.0,0.01
A647929,223.42925577905137,227.5938629130373,223.75018740584133,533.8420216859688,0.05,0.0,0.0,Group 2,A,1059590.0291085,1822904.148549,B,0.0,0.05,0.0
5801366972,214.42158376034192,217.34020900992098,222.00754938687274,569.3981974647655,0.15,0.0,0.0,Group 2,A,1059351.0801085,1822904.516549,A,0.15,0.0,0.0
6001523788,214.38323032087396,217.1771609871966,221.690906694864,621.6661269811273,0.0,0.0,0.9,Group 2,C,1059379.1411085,1822862.030549,C,0.0,0.0,0.9
C254832,227.99674241166613,229.25541523529887,229.2912796557941,62.05310633091725,0.0,0.0,0.13,Group 1,C,1058876.6231085,1823380.3595490002,B,0.0,0.13,0.0
6001520654,228.9147008668883,228.06134895351795,227.28380476818282,82.17449597615243,0.0,0.05,0.0,Group 1,B,1059020.5101085,1823361.8195490001,B,0.0,0.05,0.0
6200455093,228.11799805891235,226.83917291972654,225.38046252021607,142.50230968675424,0.0,0.17,0.0,Group 1,B,1059088.9351085,1823353.9165490002,B,0.0,0.17,0.0
23570458,227.1971125276635,224.82211754114846,221.80458182703507,403.4271521891487,0.0,0.0,0.0,Group 1,A,1058934.9121085,1823454.929549,C,0.0,0.0,0.0
18057768,227.3469408055764,225.87680731916603,223.500002942354,239.91111127235877,0.0,0.0,0.17,Group 1,C,1059095.9311085,1823431.432549,C,0.0,0.0,0.17
28475140,228.9147008668883,228.06134895351795,227.28380476818282,82.17449597615243,0.0,0.0,0.14,Group 1,C,1059020.2541085,1823358.672549,C,0.0,0.0,0.14
5800552320,214.4149387440425,217.32996091129226,221.97645946761818,572.6833848262452,0.09,0.0,0.0,Group 2,A,1059364.4811085,1822894.1135490001,C,0.0,0.0,0.09
6100473427,226.12478047066065,228.17410183549615,224.2508412871618,288.5735414149722,0.0,0.09,0.0,Group 2,B,1059452.1361085,1823066.2485490001,C,0.0,0.0,0.09
6001596091,226.71225648406485,228.34423296150953,224.92299614773083,241.0602171957984,0.0,0.0,0.72,Group 2,C,1059420.8991085,1823107.662549,A,0.72,0.0,0.0
6500278021,224.50252430040928,227.8103886701078,223.76318080999786,420.60798179991133,0.0,0.0,0.26,Group 2,C,1059524.6951085,1822956.1395490002,C,0.0,0.0,0.26
16747341,224.2109878525936,227.86667163985769,228.48575462878324,207.32483333319564,0.0,0.0,0.01,Group 1,C,1058743.7731085,1823438.561549,B,0.0,0.01,0.0
6200457913,214.172343228574,217.16849389647663,222.3461091473379,591.290769421838,0.02,0.0,0.0,Group 2,A,1059385.9321085,1822977.324549,B,0.0,0.02,0.0
6600381284,216.89820897867844,219.13356531367918,223.87946031436476,392.82893108301295,0.0,0.19,0.0,Group 2,B,1059274.4441085,1823055.046549,A,0.19,0.0,0.0
5800728434,216.92957514063875,218.9620840051614,223.95872352175545,436.10191885661135,0.0,0.0,0.0,Group 2,A,1059311.8251085,1823092.632549,C,0.0,0.0,0.0
5600394152,216.92957514063875,218.81582041803836,223.95872352175545,469.0473139484947,0.0,0.58,0.0,Group 2,B,1059338.2921085,1823115.425549,C,0.0,0.0,0.58
C191010,222.8516815270636,227.5707603711888,223.75018740584133,557.3910917611789,0.14,0.0,0.0,Group 2,A,1059521.2271085,1822868.347549,B,0.0,0.14,0.0
6499503,222.5240320899556,227.5707603711888,223.75018740584133,595.2707077919729,0.26,0.0,0.0,Group 2,A,1059484.8381085,1822856.070549,A,0.26,0.0,0.0
29334684,222.0716898834156,227.5707603711888,223.75018740584133,670.0184464576339,0.26,0.0,0.0,Group 2,A,1059426.7421085,1822825.7215490001,A,0.26,0.0,0.0
6499480,214.172343228574,217.0721425974977,222.3461091473379,654.0658510004704,0.0,0.18,0.0,Group 2,B,1059434.6221085,1823007.871549,A,0.18,0.0,0.0
19869209,214.41628040577436,217.30451563910134,222.3461091473379,550.3156380316302,0.0,0.16,0.0,Group 2,B,1059353.3481085,1822952.378549,B,0.0,0.16,0.0
6200406534,214.38323032087396,217.1771609871966,221.690906694864,621.6661269811273,0.0,0.0,0.31,Group 2,C,1059381.0561085,1822858.458549,A,0.31,0.0,0.0
20104077,229.32214262255303,224.3942230407461,229.49634243067763,374.79012837118273,0.0,0.03,0.0,Group 2,B,1059572.8831085,1823079.3635490001,A,0.03,0.0,0.0
5600121496,221.59061271684138,226.98358253687545,228.30531483777497,315.22272815760545,0.0,0.0,0.0,Group 1,B,1058662.5541085,1823505.0625490001,C,0.0,0.0,0.0
6499490,224.2109878525936,227.86667163985769,228.48575462878324,207.32483333319564,0.0,0.0,0.3,Group 1,C,1058744.4681085,1823433.236549,C,0.0,0.0,0.3
17275607,225.98933085621815,228.55557786123683,228.74601231052245,134.1117016374255,0.12,0.0,0.0,Group 1,A,1058806.0051085,1823392.509549,C,0.0,0.0,0.12
5800953552,228.37557512847727,229.37769177969798,229.41202126905432,49.5680774089345,0.0,0.49,0.0,Group 1,B,1058890.9961085,1823374.6565490002,C,0.0,0.0,0.49
5800846177,228.11799805891235,226.83917291972654,225.38046252021607,142.50230968675424,0.0,0.0,0.2,Group 1,C,1059088.4471085,1823350.0525490001,A,0.2,0.0,0.0
6499511,227.27218130925988,225.29556402028473,222.33649327758806,321.5001036706876,0.0,0.0,0.08,Group 1,C,1059011.4671085,1823443.8465490001,A,0.08,0.0,0.0
18059786,227.42450013004333,226.0284578310922,223.8061555343226,220.26115500600014,0.0,0.0,0.01,Group 1,C,1059102.4121085,1823412.472549,B,0.0,0.01,0.0
21406731,227.58500847161312,226.21470926724606,224.21406213426127,196.12816178100013,0.06,0.0,0.0,Group 1,A,1059102.3581085,1823394.682549,B,0.0,0.06,0.0
6001594198,229.1419352749354,229.90323977827924,229.66378416531634,39.997777133848544,0.0,0.0,0.89,Group 1,C,1058932.7011085,1823405.8795490002,C,0.0,0.0,0.89
6101018267,227.17350080131604,224.540681936376,221.49672159404932,480.72606419761394,0.0,0.0,0.6,Group 1,C,1058855.3631085,1823468.718549,B,0.0,0.6,0.0
6600600012,230.0,230.0,229.48460305644315,47.26456318735792,0.0,0.0,1.77,Group 2,C,1059382.1401085,1823315.188549,B,0.0,1.77,0.0
6500626599,227.24649019839885,228.46398647159194,225.71981640289002,233.68052692801683,0.0,0.15,0.0,Group 2,B,1059432.1811085,1823176.117549,C,0.0,0.0,0.15
5901232690,227.31328057557863,225.59330547654548,222.9760118032687,276.6462370513474,0.0,0.1,0.0,Group 1,B,1059070.2821085,1823439.5995490002,B,0.0,0.1,0.0
6100133592,227.60585305161212,226.23545038061349,224.25948742109352,193.44071503719013,0.0,0.0,0.17,Group 1,C,1059100.5591085,1823385.411549,B,0.0,0.17,0.0
22938693,220.5253242402696,221.66779014447923,225.1958141944509,279.42105333514854,0.0,0.0,0.41,Group 2,C,1059244.2841085,1823171.597549,C,0.0,0.0,0.41
5800848632,224.33295500812542,227.9135603862833,228.50254007463403,202.30320425078858,0.0,0.0,0.06,Group 1,C,1058755.2261085,1823434.790549,C,0.0,0.0,0.06
5700110869,226.038851977756,226.46871862203244,227.78872822036885,115.16171066387899,0.0,0.0,0.19,Group 2,C,1059231.7961085,1823330.4885490001,C,0.0,0.0,0.19
6100473388,226.8080451188509,229.90323977827924,229.43557750327543,189.57230878072778,0.1,0.0,0.0,Group 1,A,1058960.0571085,1823556.729549,C,0.0,0.0,0.1
6301016836,226.1776689550356,228.18941840239532,224.27520568563693,284.29598368464605,0.0,0.0,0.0,Group 2,C,1059442.9081085,1823077.590549,C,0.0,0.0,0.0
6200460710,226.84938205582276,225.94831032909443,223.59705553972321,330.68656670622397,0.37,0.0,0.0,Group 1,A,1059202.8611085,1823429.134549,B,0.0,0.37,0.0
6600600002,225.12449774542435,227.93773772840188,223.89600585506702,369.9838446062116,0.0,0.0,0.07,Group 2,C,1059494.0861085,1823005.654549,C,0.0,0.0,0.07
6200459926,227.1715226610847,225.94831032909443,223.59846581099143,262.7161591758788,0.0,0.0,0.0,Group 1,C,1059133.5661085,1823428.354549,C,0.0,0.0,0.0
19776963,215.87000625065963,218.63304644649787,223.39314399454597,434.72971939301294,0.1,0.0,0.0,Group 2,A,1059285.0131085,1823020.262549,A,0.1,0.0,0.0
5800728388,216.92957514063875,218.9620840051614,223.95872352175545,436.10191885661135,0.49,0.0,0.0,Group 2,A,1059311.8741085,1823094.841549,B,0.0,0.49,0.0
5700135791,228.79777847365588,229.0961369159058,228.15493904017387,81.54626297319464,0.09,0.0,0.0,Group 2,A,1059347.1391085,1823256.685549,C,0.0,0.0,0.09
5700319430,228.11799805891235,226.83917291972654,225.38046252021607,142.50230968675424,0.0,0.03,0.0,Group 1,B,1059084.1951085,1823350.5315490002,B,0.0,0.03,0.0
5901370842,227.18581207145485,224.6372497152338,221.64809041617448,440.42201246046096,0.0,0.15,0.0,Group 1,B,1058894.4521085,1823459.3865490002,B,0.0,0.15,0.0
5700293350,226.0759225904583,229.90323977827924,229.43557750327543,277.9195675002115,0.24,0.0,0.0,Group 1,A,1058881.7181085,1823569.5625490001,A,0.24,0.0,0.0
21580105,227.16218665316006,224.44578578874714,221.48511744369208,560.3086783781524,0.0,0.0,0.0,Group 1,B,1058777.7881085,1823478.651549,C,0.0,0.0,0.0
5700602620,229.40788201754705,225.8447921089734,229.49634243067763,248.93625988848243,0.0,0.0,0.0,Group 2,B,1059501.9731085,1823190.2925490001,A,0.0,0.0,0.0
5800612836,229.29501980896327,224.01575601833432,229.49634243067763,414.60294807788273,0.0,0.0,0.0,Group 2,B,1059589.8741085,1823050.340549,A,0.0,0.0,0.0
5700800795,227.8799384277684,226.30346017152567,224.29217178401066,237.55493182827553,0.0,0.0,0.0,Group 1,C,1059173.2221085,1823339.391549,C,0.0,0.0,0.0
5900326667,228.9147008668883,228.06134895351795,227.28380476818282,82.17449597615243,0.0,0.0,0.0,Group 1,B,1059024.0001085,1823357.391549,C,0.0,0.0,0.0
